id;code;marke;model;mann;frau;tag;abend;fruehlingsommer;herbstwinter;orientalisch;holzig;fruchtig;frisch;wuerzig;suess;blumig;aquatisch;zitrus;freizeit;Sport;Arbeit;Ausgehen;jung;alt#
0;1;Giorgio Armani;ACQUA DI GIO;1;%;1;%;1;%;%;%;%;1;%;%;%;1;1;1;%;1;%;1;%#
1;2;Th?erry Mugler;ANGEL MAN;1;%;%;1;%;1;1;%;%;%;1;1;%;%;%;%;%;%;%;%;%#
2;3;Burberry;BURBERRY WEEKEND;1;%;1;%;1;%;%;%;%;1;%;%;%;%;1;%;%;%;%;%;%#
3;4;Burberry;BURBERRY;1;%;%;%;%;%;%;%;%;%;%;%;%;%;%;%;%;%;%;%;%#
4;5;Bvlgari;BLACK;1;%;%;1;%;1;1;1;%;%;%;1;%;%;%;%;%;%;%;%;%#
5;6;Calvin Klein;C.K.FREE;1;%;1;%;1;%;%;1;%;1;%;%;%;1;1;%;%;%;%;%;%#
6;7;Giorgio Armani;ARMANI CODE;1;%;1;1;1;1;1;1;%;%;1;1;%;%;%;%;%;%;%;%;%#
7;8;Brut;BRUT;1;%;1;%;1;1;%;1;%;1;1;%;%;%;%;%;%;%;%;%;%#
8;9;Calvin Klein;C.K.ONE;1;%;1;%;1;%;%;%;%;1;%;%;%;1;1;%;%;%;%;%;%#
9;10;Dolce&Gabana;DOLCE GABANA;1;%;%;%;%;%;%;%;%;%;%;%;%;%;%;%;%;%;%;%;%#
10;11;Hugo Boss;BOOS ORANGE MAN;1;%;1;%;1;%;%;1;1;1;%;1;%;%;%;%;%;%;%;%;%#
11;12;Davidoff;COOL WATER;1;%;1;%;1;%;%;%;%;1;%;%;%;1;%;%;%;%;%;%;%#
12;13;Calvin Klein;ETERNITY;1;%;1;%;1;%;%;%;%;1;1;%;%;%;1;%;%;%;%;%;%#
13;14;Giorgio Armani;EMPORIO ARMANI HE;1;%;1;1;1;1;%;1;%;1;1;%;%;%;%;%;%;%;%;%;%#
14;15;Pino S?lvestre;PINO;1;%;1;%;%;%;%;1;%;1;1;%;%;%;%;%;%;%;%;%;%#
15;16;Christian Dior;FAHRENHEIT;1;%;%;1;%;1;%;1;%;%;1;%;%;%;%;%;%;%;%;%;%#
16;17;Gucci;ENVY;1;%;%;1;%;1;%;1;%;%;1;%;%;%;%;%;%;%;%;%;%#
17;18;Hugo Boss;HUGO;1;%;1;%;1;1;%;1;%;1;1;%;%;%;%;%;%;%;%;%;%#
18;19;Hugo Boss;DARK BLUE;1;%;%;1;1;1;1;1;%;%;1;1;%;%;%;%;%;%;%;%;%#
19;20;Issey Miyake;L'EAU D'ISSEY;1;%;1;%;1;%;%;%;%;1;%;%;%;1;1;%;%;%;%;%;%#
20;21;Joop;JOOP;1;%;%;1;%;1;1;%;1;%;%;1;%;%;%;%;%;%;%;%;%#
21;22;Kenzo;KENZO;1;%;1;%;1;%;%;1;%;1;1;%;%;1;%;%;%;%;%;%;%#
22;23;Kenzo;L'EAU PAR KENZO;1;%;1;%;1;%;%;%;%;1;%;%;%;1;1;%;%;%;%;%;%#
23;24;Ralph Lauren;POLO BLUE;1;%;1;%;1;%;%;%;1;1;%;%;%;1;1;%;%;%;%;%;%#
24;25;Ralph Lauren;POLO SPORT;1;%;1;%;1;%;%;%;%;1;%;%;%;1;%;%;%;%;%;%;%#
25;26;Gucci;GUCCI GUILTY;1;%;1;%;1;1;%;1;1;1;1;1;%;%;1;%;%;%;%;%;%#
26;27;Roshas;ROCHAS MAN;1;%;%;1;%;1;1;%;%;%;%;1;%;%;%;%;%;%;%;%;%#
27;28;Tommy Hilfiger;HILFIGER;1;%;1;%;1;%;%;1;%;1;%;%;%;%;1;%;%;%;%;%;%#
28;29;Carolina Herrera;212 MEN;1;%;1;%;1;%;%;1;1;1;%;%;%;%;1;%;%;%;%;%;%#
29;30;Jean Paul Gaultier;LE MALE;1;%;%;1;1;1;1;%;%;%;1;1;%;%;%;%;%;%;%;%;%#
30;31;Jil Sunder;SUN MEN;1;%;1;%;1;%;%;%;1;1;1;1;%;%;%;%;%;%;%;%;%#
31;32;Joop;NIGHTFLIGHT;1;%;1;1;1;%;%;%;%;1;%;%;%;1;1;%;%;%;%;%;%#
32;33;Givenchy;PI;1;%;%;1;%;1;1;%;%;%;1;1;%;%;%;%;%;%;%;%;%#
33;34;Laura Biagiotti;ROMA;1;%;%;1;%;1;1;1;1;%;1;1;%;%;%;%;%;%;%;%;%#
34;35;Donna Karan;DKNY MEN;1;%;%;%;%;%;%;%;%;%;%;%;%;%;%;%;%;%;%;%;%#
35;36;Jil Sunder;MAN ABSOLUTE;1;%;%;1;%;1;1;1;%;%;%;1;%;%;%;%;%;%;%;%;%#
36;37;Giorgio Armani;ATTITUDE;1;%;1;1;%;1;1;1;%;%;1;1;%;%;%;%;%;%;%;%;%#
37;38;Carolina Herrera;SEXY MEN;1;%;%;1;%;1;1;1;%;%;1;1;%;%;%;%;%;%;%;%;%#
38;39;Burberry;LONDON;1;%;1;1;%;1;1;1;%;%;1;1;%;%;%;%;%;%;%;%;%#
39;40;Diesel;FUEL FOR LIFE;1;%;1;1;1;1;%;1;1;%;%;1;%;%;%;%;%;%;%;%;%#
40;41;Lacoste;LACOSTE;1;%;1;%;1;%;%;%;%;1;1;%;%;%;1;%;%;%;%;%;%#
41;42;Lacoste;ESSIENTIAL;1;%;1;%;1;%;%;1;%;1;%;%;%;%;1;%;%;%;%;%;%#
42;43;Gucci;RUSH;1;%;1;1;1;1;%;1;%;1;1;%;%;%;%;%;%;%;%;%;%#
43;44;Chanel;ALLURE HOMME SPORT;1;%;1;%;1;%;%;%;%;1;%;%;%;1;1;%;%;%;%;%;%#
44;45;Nikos;SCULPTURE;1;%;1;1;1;%;%;%;%;1;%;1;%;%;1;%;%;%;%;%;%#
45;46;Carolina Herrera;212 V.I.P. MEN;1;%;1;1;1;%;%;1;%;1;1;1;%;%;%;%;%;%;%;%;%#
46;47;Caldion;CALDION;1;%;%;%;%;%;%;%;%;%;%;%;%;%;%;%;%;%;%;%;%#
47;48;Givenchy;INSENSE ULTRAMARINE;1;%;1;%;1;%;%;%;1;1;%;%;%;1;%;%;%;%;%;%;%#
48;49;Paco Rabanne;ULTRAVIOLET;1;%;1;%;1;1;1;%;%;1;1;1;%;%;%;%;%;%;%;%;%#
49;50;Versace;BLUE JEANS;1;%;1;%;1;%;%;%;%;1;%;1;1;%;1;%;%;%;%;%;%#
50;51;Paco Rabanne;XS;1;%;1;1;1;1;%;1;%;1;1;%;%;%;%;%;%;%;%;%;%#
51;52;Calvin Klein;ESCAPE;1;%;1;%;1;%;%;%;1;1;%;%;%;%;%;%;%;%;%;%;%#
52;53;Lacoste;LACOSTE RED;1;%;1;%;1;%;%;%;1;1;%;1;1;%;%;%;%;%;%;%;%#
53;54;Kenzo;KENZO JUNGLE;1;%;1;1;1;1;%;1;%;%;1;1;%;%;1;%;%;%;%;%;%#
54;55;Paco Rabanne;XS BLACK;1;%;%;1;1;1;%;%;1;%;%;1;%;%;%;%;%;%;%;%;%#
55;56;Giorgio Armani;ARMANI NIGHT;1;%;%;1;%;1;%;1;%;%;1;%;%;%;%;%;%;%;%;%;%#
56;57;Hugo Boss;BOSS;1;%;1;%;1;%;%;1;%;1;1;%;%;%;%;%;%;%;%;%;%#
57;58;Burberry;TOUCH;1;%;1;1;1;1;%;1;%;%;1;1;1;%;%;%;%;%;%;%;%#
58;59;Lacoste;CHALLENGE;1;%;1;%;1;%;%;%;%;1;%;%;%;%;1;%;%;%;%;%;%#
59;60;Chanel;ALLURE HOMME;1;%;1;1;%;1;1;1;%;1;1;1;%;%;1;%;%;%;%;%;%#
60;61;Givenchy;VERY IRRESISTIBLE;1;%;1;1;%;1;%;1;%;%;1;1;%;%;%;%;%;%;%;%;%#
61;62;Bvlgari;BVLGARI;1;%;1;%;1;%;%;1;%;1;1;%;1;%;1;%;%;%;%;%;%#
62;63;Burberry;BRIT;1;%;1;%;1;1;%;1;%;1;1;%;%;%;1;%;%;%;%;%;%#
63;64;Lacoste;COOL PLAY;1;%;%;%;%;%;%;%;%;%;%;%;%;%;%;%;%;%;%;%;%#
64;65;Giorgio Armani;ARMANI MANIA;1;%;1;%;1;%;%;1;1;1;1;%;%;%;1;%;%;%;%;%;%#
65;66;Lacoste;POUR HOMME;1;%;1;1;1;1;%;1;1;1;%;1;%;%;%;%;%;%;%;%;%#
66;67;Hugo Boss;HUGO XY;1;%;1;%;1;%;%;1;%;1;1;%;%;1;%;%;%;%;%;%;%#
67;68;Kenzo;KENZO POWER;1;%;1;%;1;%;%;1;%;1;1;1;1;%;%;%;%;%;%;%;%#
68;69;Mont Blanc;INDIVIDUEL;1;%;1;1;1;1;1;%;1;1;1;1;%;%;%;%;%;%;%;%;%#
69;70;Givenchy;POUR HOMME;1;%;1;1;1;%;%;1;1;1;1;%;%;%;1;%;%;%;%;%;%#
70;71;Bvlgari;AQVA POUR HOMME;1;%;1;%;1;%;%;%;1;1;%;%;%;1;1;%;%;%;%;%;%#
71;72;Christian Dior;DIOR HOMME;1;%;%;1;%;1;%;1;%;%;1;1;%;%;%;%;%;%;%;%;%#
72;73;Bvlgari;BLV BLUE;1;%;1;%;1;%;%;1;%;1;1;1;1;%;%;%;%;%;%;%;%#
73;74;Bvlgari;SOIR;1;%;1;1;1;1;%;1;%;1;%;%;%;%;1;%;%;%;%;%;%#
74;75;Givenchy;BLUE LABEL;1;%;1;%;1;%;%;1;%;1;1;%;%;1;1;%;%;%;%;%;%#
75;76;Antonio Banderas;BLUE SEDUCTION;1;%;1;%;1;%;%;%;1;%;%;%;%;1;1;%;%;%;%;%;%#
76;77;Cacharel;AMOR POUR HOMME;1;%;1;1;%;1;%;1;%;%;1;1;1;%;%;%;%;%;%;%;%#
77;78;Carolina Herrera;CHIC MEN;1;%;1;1;1;%;%;1;1;1;1;1;%;%;1;%;%;%;%;%;%#
78;79;Hugo Boss;HUGO ENERGISE;1;%;1;%;1;%;%;1;1;1;%;%;%;%;1;%;%;%;%;%;%#
79;80;Lolita Lempicka;LOLITA;1;%;%;%;%;%;%;%;%;%;%;%;%;%;%;%;%;%;%;%;%#
80;81;Hugo Boss;JUST DIFFERENT;1;%;1;%;1;1;%;1;1;1;1;%;%;%;%;%;%;%;%;%;%#
81;82;Calvin Klein;EUPHORIA;1;%;1;%;1;1;%;1;1;1;1;1;%;%;%;%;%;%;%;%;%#
82;83;DKNY;BE DELICIOUS;1;%;1;%;1;%;%;1;1;%;1;1;%;%;%;%;%;%;%;%;%#
83;84;Bvlgari;BLV NOTTE;1;%;1;1;%;1;%;1;%;%;1;%;%;%;%;%;%;%;%;%;%#
84;85;Calvin Klein;IN2U;1;%;1;%;1;%;%;1;%;1;%;%;%;%;1;%;%;%;%;%;%#
85;86;Giorgio Armani;DIAMONDS;1;%;1;1;1;1;%;1;%;1;1;1;%;%;%;%;%;%;%;%;%#
86;87;Davidoff;ADVENTURE;1;%;1;1;1;1;%;1;%;1;1;%;%;%;1;%;%;%;%;%;%#
87;88;Gucci;BY GUCCI;1;%;1;1;1;1;%;1;%;1;1;%;1;%;1;%;%;%;%;%;%#
88;89;Dolce&Gabana;THE ONE;1;%;1;1;%;1;1;1;1;%;1;1;%;%;%;%;%;%;%;%;%#
89;90;Givenchy;PI NEO;1;%;1;%;1;%;%;1;%;1;1;1;%;%;%;%;%;%;%;%;%#
90;91;Bvlgari;BVLGARI MAN;1;%;1;1;1;%;%;1;%;1;1;%;%;%;1;%;%;%;%;%;%#
91;92;Pien Parfume;BY CHOCOLATE;1;%;%;%;%;%;%;%;%;%;%;%;%;%;%;%;%;%;%;%;%#
92;93;Ralph Lauren;POLO BLACK;1;%;1;%;%;%;%;1;1;1;1;1;%;%;%;%;%;%;%;%;%#
93;94;Dunlop;DUNLOP;1;%;%;%;%;%;%;%;%;%;%;%;%;%;%;%;%;%;%;%;%#
94;95;Jagler;JAGLER;1;%;%;%;%;%;%;%;%;%;%;%;%;%;%;%;%;%;%;%;%#
95;96;Calvin Klein;C.K.BE;1;%;%;%;%;%;%;%;%;%;%;%;%;%;%;%;%;%;%;%;%#
96;97;Paco Rabbanne;ONE MILLION;1;%;%;%;%;%;%;%;%;%;%;%;%;%;%;%;%;%;%;%;%#
97;98;Abercrombie Fitch;FIERCE;1;%;%;%;%;%;%;%;%;%;%;%;%;%;%;%;%;%;%;%;%#
98;99;Davidoff;HOT WATER;1;%;%;%;%;%;%;%;%;%;%;%;%;%;%;%;%;%;%;%;%#
99;100;Diesel;ONLY THE BRAVE;1;%;%;%;%;%;%;%;%;%;%;%;%;%;%;%;%;%;%;%;%#
100;101;Givenchy;PLAY;1;%;%;%;%;%;%;%;%;%;%;%;%;%;%;%;%;%;%;%;%#
101;102;Davidoff;SILVER SHODOW;1;%;%;%;%;%;%;%;%;%;%;%;%;%;%;%;%;%;%;%;%#
102;103;JOOP;GO;1;%;%;%;%;%;%;%;%;%;%;%;%;%;%;%;%;%;%;%;%#
103;104;Burberry;BURBERRY SPORT;1;%;%;%;%;%;%;%;%;%;%;%;%;%;%;%;%;%;%;%;%#
104;105;YSL;L-HOMME;1;%;%;%;%;%;%;%;%;%;%;%;%;%;%;%;%;%;%;%;%#
105;106;Chanel;PLATINIM EGOISTE;1;%;%;%;%;%;%;%;%;%;%;%;%;%;%;%;%;%;%;%;%#
106;107;Davidoff;CHAMPION;1;%;%;%;%;%;%;%;%;%;%;%;%;%;%;%;%;%;%;%;%#
107;108;Chanel;BLUE;1;%;%;%;%;%;%;%;%;%;%;%;%;%;%;%;%;%;%;%;%#
108;109;Narciso Rodriguez;NARCISO RODRIGUEZ;1;%;%;%;%;%;%;%;%;%;%;%;%;%;%;%;%;%;%;%;%#
109;110;Shiseido;ZEN;1;%;%;%;%;%;%;%;%;%;%;%;%;%;%;%;%;%;%;%;%#
110;111;Avon;FULL SPEED;1;%;%;%;%;%;%;%;%;%;%;%;%;%;%;%;%;%;%;%;%#
111;112;Jean Paul Gaultier;KOKORICO;1;%;%;%;%;%;%;%;%;%;%;%;%;%;%;%;%;%;%;%;%#
112;113;Calvin Klein;ONE SHOCK HIM;1;%;%;%;%;%;%;%;%;%;%;%;%;%;%;%;%;%;%;%;%#
113;114;YSL;LA NUITDE L'HOMME;1;%;%;%;%;%;%;%;%;%;%;%;%;%;%;%;%;%;%;%;%#
114;115;Alfred Dunhill;DESIRE FOR A MAN;1;%;%;%;%;%;%;%;%;%;%;%;%;%;%;%;%;%;%;%;%#
115;116;YSL;OPIUM POUR HOMME;1;%;%;%;%;%;%;%;%;%;%;%;%;%;%;%;%;%;%;%;%#
116;117;Carolina Herrera;CH MEN;1;%;%;%;%;%;%;%;%;%;%;%;%;%;%;%;%;%;%;%;%#
117;118;TOMFORD;TABACO VAN?LYA;1;%;%;%;%;%;%;%;%;%;%;%;%;%;%;%;%;%;%;%;%#
118;119;HERMES;HERMES;1;%;%;%;%;%;%;%;%;%;%;%;%;%;%;%;%;%;%;%;%#
119;120;Diesel Tatto;ONLY THE BRAVE;1;%;%;%;%;%;%;%;%;%;%;%;%;%;%;%;%;%;%;%;%#
120;121;N?GHT HUGO;BOSS BOTTENT;1;%;%;%;%;%;%;%;%;%;%;%;%;%;%;%;%;%;%;%;%#
121;122;DAVIT BECKHAM;INTINCT;1;%;%;%;%;%;%;%;%;%;%;%;%;%;%;%;%;%;%;%;%#
122;123;LACOSTE;L-12 WHITE;1;%;%;%;%;%;%;%;%;%;%;%;%;%;%;%;%;%;%;%;%#
123;124;CHRISTIAN DIOR;DIOR HOMME INTENSE;1;%;%;%;%;%;%;%;%;%;%;%;%;%;%;%;%;%;%;%;%#
124;125;P?EN PARFUME;P?EN SEXY MEN;1;%;%;%;%;%;%;%;%;%;%;%;%;%;%;%;%;%;%;%;%#
125;126;GIORGIO ARMANI;AQUA DI GIO ESSENSIA;1;%;%;%;%;%;%;%;%;%;%;%;%;%;%;%;%;%;%;%;%#
126;127;GUCCI;GUILTY BLACK POUR HOMME;1;%;%;%;%;%;%;%;%;%;%;%;%;%;%;%;%;%;%;%;%#
127;128;CALVIN KLEIN;ENCOUNTER;1;%;%;%;%;%;%;%;%;%;%;%;%;%;%;%;%;%;%;%;%#
128;129;JOOP;JUMP;1;%;%;%;%;%;%;%;%;%;%;%;%;%;%;%;%;%;%;%;%#
129;130;HUGO BOSS;HUGO RED;1;%;%;%;%;%;%;%;%;%;%;%;%;%;%;%;%;%;%;%;%#
130;131;Paco Rabanne;ONE MILLION INTENSE;1;%;%;%;%;%;%;%;%;%;%;%;%;%;%;%;%;%;%;%;%#
131;132;Versace;EROS;1;%;%;%;%;%;%;%;%;%;%;%;%;%;%;%;%;%;%;%;%#
132;133;GIORGIO ARMANI;CODE SPORT ATHLETE;1;%;%;%;%;%;%;%;%;%;%;%;%;%;%;%;%;%;%;%;%#
133;134;Avon;BLUE RUSH;1;%;%;%;%;%;%;%;%;%;%;%;%;%;%;%;%;%;%;%;%#
134;135;Paco Rabanne;INVICTUS;1;%;%;%;%;%;%;%;%;%;%;%;%;%;%;%;%;%;%;%;%#
135;136;Y.S.L;KOURUS;1;%;%;%;%;%;%;%;%;%;%;%;%;%;%;%;%;%;%;%;%#
136;137;VIKTOR & ROLF;SPICEBOMB;1;%;%;%;%;%;%;%;%;%;%;%;%;%;%;%;%;%;%;%;%#
137;501;PRADA;PRADA;1;%;%;%;%;%;%;%;%;%;%;%;%;%;%;%;%;%;%;%;%#
138;512;Jean Paul Gaultier;FLEUR DE MALE;1;%;%;%;%;%;%;%;%;%;%;%;%;%;%;%;%;%;%;%;%#
139;513;Dolce&Gabana;THE ONE GENTLEMEN;1;%;%;%;%;%;%;%;%;%;%;%;%;%;%;%;%;%;%;%;%#
140;514;AZZARO VISIT;AZZARO;1;%;%;%;%;%;%;%;%;%;%;%;%;%;%;%;%;%;%;%;%#
141;515;Calvin Klein;TRUTH;1;%;%;%;%;%;%;%;%;%;%;%;%;%;%;%;%;%;%;%;%#
142;516;Lancome;HYPNOSE;1;%;%;%;%;%;%;%;%;%;%;%;%;%;%;%;%;%;%;%;%#
143;517;Dolce&Gabana;LIGHT BLUE;1;%;%;%;%;%;%;%;%;%;%;%;%;%;%;%;%;%;%;%;%#
144;518;DAWIDOFF;DAWIDOFF GAME;1;%;%;%;%;%;%;%;%;%;%;%;%;%;%;%;%;%;%;%;%#
145;520;HUGO BOSS;SOUL;1;%;%;%;%;%;%;%;%;%;%;%;%;%;%;%;%;%;%;%;%#
146;521;HERMESTERRE;TERRE HEMESR;1;%;%;%;%;%;%;%;%;%;%;%;%;%;%;%;%;%;%;%;%#
147;523;Chanel;EGOISTE;1;%;%;%;%;%;%;%;%;%;%;%;%;%;%;%;%;%;%;%;%#
148;524;JOOP;HOMME WILD;1;%;%;%;%;%;%;%;%;%;%;%;%;%;%;%;%;%;%;%;%#
149;525;AZZARO  ;AZZARO CHROME;1;%;%;%;%;%;%;%;%;%;%;%;%;%;%;%;%;%;%;%;%#
150;526;Dolce&Gabana;ZEBRA ;1;%;%;%;%;%;%;%;%;%;%;%;%;%;%;%;%;%;%;%;%#
151;527;GUESS;GUESS;1;%;%;%;%;%;%;%;%;%;%;%;%;%;%;%;%;%;%;%;%#
152;;;;%;%;%;%;%;%;%;%;%;%;%;%;%;%;%;%;%;%;%;%;%#
153;;;;%;%;%;%;%;%;%;%;%;%;%;%;%;%;%;%;%;%;%;%;%#
154;;;;%;%;%;%;%;%;%;%;%;%;%;%;%;%;%;%;%;%;%;%;%#
155;;;;%;%;%;%;%;%;%;%;%;%;%;%;%;%;%;%;%;%;%;%;%#
156;;;;%;%;%;%;%;%;%;%;%;%;%;%;%;%;%;%;%;%;%;%;%#
157;;;;%;%;%;%;%;%;%;%;%;%;%;%;%;%;%;%;%;%;%;%;%#
158;;;;%;%;%;%;%;%;%;%;%;%;%;%;%;%;%;%;%;%;%;%;%#
159;;;;%;%;%;%;%;%;%;%;%;%;%;%;%;%;%;%;%;%;%;%;%#
160;;;;%;%;%;%;%;%;%;%;%;%;%;%;%;%;%;%;%;%;%;%;%#
161;;;;%;%;%;%;%;%;%;%;%;%;%;%;%;%;%;%;%;%;%;%;%#
162;;;;%;%;%;%;%;%;%;%;%;%;%;%;%;%;%;%;%;%;%;%;%#
163;;;;%;%;%;%;%;%;%;%;%;%;%;%;%;%;%;%;%;%;%;%;%#
164;;;;%;%;%;%;%;%;%;%;%;%;%;%;%;%;%;%;%;%;%;%;%#
165;;;;%;%;%;%;%;%;%;%;%;%;%;%;%;%;%;%;%;%;%;%;%#
166;;;;%;%;%;%;%;%;%;%;%;%;%;%;%;%;%;%;%;%;%;%;%#
167;;;;%;%;%;%;%;%;%;%;%;%;%;%;%;%;%;%;%;%;%;%;%#
168;;;;%;%;%;%;%;%;%;%;%;%;%;%;%;%;%;%;%;%;%;%;%#
169;;;;%;%;%;%;%;%;%;%;%;%;%;%;%;%;%;%;%;%;%;%;%#
170;;;;%;%;%;%;%;%;%;%;%;%;%;%;%;%;%;%;%;%;%;%;%#
171;;;;%;%;%;%;%;%;%;%;%;%;%;%;%;%;%;%;%;%;%;%;%#
172;;;;%;%;%;%;%;%;%;%;%;%;%;%;%;%;%;%;%;%;%;%;%#
173;;;;%;%;%;%;%;%;%;%;%;%;%;%;%;%;%;%;%;%;%;%;%#
174;;;;%;%;%;%;%;%;%;%;%;%;%;%;%;%;%;%;%;%;%;%;%#
175;;;;%;%;%;%;%;%;%;%;%;%;%;%;%;%;%;%;%;%;%;%;%#
176;;;;%;%;%;%;%;%;%;%;%;%;%;%;%;%;%;%;%;%;%;%;%#
177;;;;%;%;%;%;%;%;%;%;%;%;%;%;%;%;%;%;%;%;%;%;%#
178;;;;%;%;%;%;%;%;%;%;%;%;%;%;%;%;%;%;%;%;%;%;%#
179;;;;%;%;%;%;%;%;%;%;%;%;%;%;%;%;%;%;%;%;%;%;%#
180;;;;%;%;%;%;%;%;%;%;%;%;%;%;%;%;%;%;%;%;%;%;%#
181;;;;%;%;%;%;%;%;%;%;%;%;%;%;%;%;%;%;%;%;%;%;%#
182;;;;%;%;%;%;%;%;%;%;%;%;%;%;%;%;%;%;%;%;%;%;%#
183;;;;%;%;%;%;%;%;%;%;%;%;%;%;%;%;%;%;%;%;%;%;%#
184;;;;%;%;%;%;%;%;%;%;%;%;%;%;%;%;%;%;%;%;%;%;%#
185;;;;%;%;%;%;%;%;%;%;%;%;%;%;%;%;%;%;%;%;%;%;%#
186;;;;%;%;%;%;%;%;%;%;%;%;%;%;%;%;%;%;%;%;%;%;%#
187;;;;%;%;%;%;%;%;%;%;%;%;%;%;%;%;%;%;%;%;%;%;%#
188;;;;%;%;%;%;%;%;%;%;%;%;%;%;%;%;%;%;%;%;%;%;%#
189;;;;%;%;%;%;%;%;%;%;%;%;%;%;%;%;%;%;%;%;%;%;%#
190;;;;%;%;%;%;%;%;%;%;%;%;%;%;%;%;%;%;%;%;%;%;%#
191;;;;%;%;%;%;%;%;%;%;%;%;%;%;%;%;%;%;%;%;%;%;%#
192;;;;%;%;%;%;%;%;%;%;%;%;%;%;%;%;%;%;%;%;%;%;%#
193;;;;%;%;%;%;%;%;%;%;%;%;%;%;%;%;%;%;%;%;%;%;%#
194;;;;%;%;%;%;%;%;%;%;%;%;%;%;%;%;%;%;%;%;%;%;%#
195;;;;%;%;%;%;%;%;%;%;%;%;%;%;%;%;%;%;%;%;%;%;%#
196;;;;%;%;%;%;%;%;%;%;%;%;%;%;%;%;%;%;%;%;%;%;%#
197;;;;%;%;%;%;%;%;%;%;%;%;%;%;%;%;%;%;%;%;%;%;%#
198;;;;%;%;%;%;%;%;%;%;%;%;%;%;%;%;%;%;%;%;%;%;%#
199;;;;%;%;%;%;%;%;%;%;%;%;%;%;%;%;%;%;%;%;%;%;%#
200;;;;%;%;%;%;%;%;%;%;%;%;%;%;%;%;%;%;%;%;%;%;%#
201;;;;%;%;%;%;%;%;%;%;%;%;%;%;%;%;%;%;%;%;%;%;%#
202;;;;%;%;%;%;%;%;%;%;%;%;%;%;%;%;%;%;%;%;%;%;%#
203;;;;%;%;%;%;%;%;%;%;%;%;%;%;%;%;%;%;%;%;%;%;%#
204;;;;%;%;%;%;%;%;%;%;%;%;%;%;%;%;%;%;%;%;%;%;%#
205;;;;%;%;%;%;%;%;%;%;%;%;%;%;%;%;%;%;%;%;%;%;%#
206;;;;%;%;%;%;%;%;%;%;%;%;%;%;%;%;%;%;%;%;%;%;%#
207;;;;%;%;%;%;%;%;%;%;%;%;%;%;%;%;%;%;%;%;%;%;%#
208;;;;%;%;%;%;%;%;%;%;%;%;%;%;%;%;%;%;%;%;%;%;%#
209;;;;%;%;%;%;%;%;%;%;%;%;%;%;%;%;%;%;%;%;%;%;%#
210;;;;%;%;%;%;%;%;%;%;%;%;%;%;%;%;%;%;%;%;%;%;%#
211;;;;%;%;%;%;%;%;%;%;%;%;%;%;%;%;%;%;%;%;%;%;%#
212;;;;%;%;%;%;%;%;%;%;%;%;%;%;%;%;%;%;%;%;%;%;%#
213;;;;%;%;%;%;%;%;%;%;%;%;%;%;%;%;%;%;%;%;%;%;%#
214;;;;%;%;%;%;%;%;%;%;%;%;%;%;%;%;%;%;%;%;%;%;%#
215;;;;%;%;%;%;%;%;%;%;%;%;%;%;%;%;%;%;%;%;%;%;%#
216;;;;%;%;%;%;%;%;%;%;%;%;%;%;%;%;%;%;%;%;%;%;%#
217;;;;%;%;%;%;%;%;%;%;%;%;%;%;%;%;%;%;%;%;%;%;%#
218;;;;%;%;%;%;%;%;%;%;%;%;%;%;%;%;%;%;%;%;%;%;%#
219;;;;%;%;%;%;%;%;%;%;%;%;%;%;%;%;%;%;%;%;%;%;%#
220;;;;%;%;%;%;%;%;%;%;%;%;%;%;%;%;%;%;%;%;%;%;%#
221;;;;%;%;%;%;%;%;%;%;%;%;%;%;%;%;%;%;%;%;%;%;%#
222;;;;%;%;%;%;%;%;%;%;%;%;%;%;%;%;%;%;%;%;%;%;%#
223;;;;%;%;%;%;%;%;%;%;%;%;%;%;%;%;%;%;%;%;%;%;%#
224;;;;%;%;%;%;%;%;%;%;%;%;%;%;%;%;%;%;%;%;%;%;%#
225;;;;%;%;%;%;%;%;%;%;%;%;%;%;%;%;%;%;%;%;%;%;%#
226;;;;%;%;%;%;%;%;%;%;%;%;%;%;%;%;%;%;%;%;%;%;%#
227;;;;%;%;%;%;%;%;%;%;%;%;%;%;%;%;%;%;%;%;%;%;%#
228;;;;%;%;%;%;%;%;%;%;%;%;%;%;%;%;%;%;%;%;%;%;%#
229;;;;%;%;%;%;%;%;%;%;%;%;%;%;%;%;%;%;%;%;%;%;%#
230;;;;%;%;%;%;%;%;%;%;%;%;%;%;%;%;%;%;%;%;%;%;%#
231;;;;%;%;%;%;%;%;%;%;%;%;%;%;%;%;%;%;%;%;%;%;%#
232;;;;%;%;%;%;%;%;%;%;%;%;%;%;%;%;%;%;%;%;%;%;%#
233;;;;%;%;%;%;%;%;%;%;%;%;%;%;%;%;%;%;%;%;%;%;%#
234;;;;%;%;%;%;%;%;%;%;%;%;%;%;%;%;%;%;%;%;%;%;%#
235;;;;%;%;%;%;%;%;%;%;%;%;%;%;%;%;%;%;%;%;%;%;%#
236;;;;%;%;%;%;%;%;%;%;%;%;%;%;%;%;%;%;%;%;%;%;%#
237;;;;%;%;%;%;%;%;%;%;%;%;%;%;%;%;%;%;%;%;%;%;%#
238;;;;%;%;%;%;%;%;%;%;%;%;%;%;%;%;%;%;%;%;%;%;%#
239;;;;%;%;%;%;%;%;%;%;%;%;%;%;%;%;%;%;%;%;%;%;%#
240;;;;%;%;%;%;%;%;%;%;%;%;%;%;%;%;%;%;%;%;%;%;%#
241;;;;%;%;%;%;%;%;%;%;%;%;%;%;%;%;%;%;%;%;%;%;%#
242;;;;%;%;%;%;%;%;%;%;%;%;%;%;%;%;%;%;%;%;%;%;%#
243;;;;%;%;%;%;%;%;%;%;%;%;%;%;%;%;%;%;%;%;%;%;%#
244;;;;%;%;%;%;%;%;%;%;%;%;%;%;%;%;%;%;%;%;%;%;%#
245;;;;%;%;%;%;%;%;%;%;%;%;%;%;%;%;%;%;%;%;%;%;%#
246;;;;%;%;%;%;%;%;%;%;%;%;%;%;%;%;%;%;%;%;%;%;%#
247;;;;%;%;%;%;%;%;%;%;%;%;%;%;%;%;%;%;%;%;%;%;%#
248;;;;%;%;%;%;%;%;%;%;%;%;%;%;%;%;%;%;%;%;%;%;%#
249;;;;%;%;%;%;%;%;%;%;%;%;%;%;%;%;%;%;%;%;%;%;%#
250;;;;%;%;%;%;%;%;%;%;%;%;%;%;%;%;%;%;%;%;%;%;%#
251;;;;%;%;%;%;%;%;%;%;%;%;%;%;%;%;%;%;%;%;%;%;%#
252;;;;%;%;%;%;%;%;%;%;%;%;%;%;%;%;%;%;%;%;%;%;%#
253;;;;%;%;%;%;%;%;%;%;%;%;%;%;%;%;%;%;%;%;%;%;%#
254;;;;%;%;%;%;%;%;%;%;%;%;%;%;%;%;%;%;%;%;%;%;%#
255;;;;%;%;%;%;%;%;%;%;%;%;%;%;%;%;%;%;%;%;%;%;%#
256;;;;%;%;%;%;%;%;%;%;%;%;%;%;%;%;%;%;%;%;%;%;%#
257;;;;%;%;%;%;%;%;%;%;%;%;%;%;%;%;%;%;%;%;%;%;%#
258;;;;%;%;%;%;%;%;%;%;%;%;%;%;%;%;%;%;%;%;%;%;%#
259;;;;%;%;%;%;%;%;%;%;%;%;%;%;%;%;%;%;%;%;%;%;%#
260;;;;%;%;%;%;%;%;%;%;%;%;%;%;%;%;%;%;%;%;%;%;%#
261;;;;%;%;%;%;%;%;%;%;%;%;%;%;%;%;%;%;%;%;%;%;%#
262;;;;%;%;%;%;%;%;%;%;%;%;%;%;%;%;%;%;%;%;%;%;%#
263;;;;%;%;%;%;%;%;%;%;%;%;%;%;%;%;%;%;%;%;%;%;%#
264;;;;%;%;%;%;%;%;%;%;%;%;%;%;%;%;%;%;%;%;%;%;%#
265;;;;%;%;%;%;%;%;%;%;%;%;%;%;%;%;%;%;%;%;%;%;%#
266;;;;%;%;%;%;%;%;%;%;%;%;%;%;%;%;%;%;%;%;%;%;%#
267;;;;%;%;%;%;%;%;%;%;%;%;%;%;%;%;%;%;%;%;%;%;%#
268;;;;%;%;%;%;%;%;%;%;%;%;%;%;%;%;%;%;%;%;%;%;%#
269;;;;%;%;%;%;%;%;%;%;%;%;%;%;%;%;%;%;%;%;%;%;%#
270;;;;%;%;%;%;%;%;%;%;%;%;%;%;%;%;%;%;%;%;%;%;%#
271;;;;%;%;%;%;%;%;%;%;%;%;%;%;%;%;%;%;%;%;%;%;%#
272;;;;%;%;%;%;%;%;%;%;%;%;%;%;%;%;%;%;%;%;%;%;%#
273;;;;%;%;%;%;%;%;%;%;%;%;%;%;%;%;%;%;%;%;%;%;%#
274;;;;%;%;%;%;%;%;%;%;%;%;%;%;%;%;%;%;%;%;%;%;%#
275;;;;%;%;%;%;%;%;%;%;%;%;%;%;%;%;%;%;%;%;%;%;%#
276;;;;%;%;%;%;%;%;%;%;%;%;%;%;%;%;%;%;%;%;%;%;%#
277;;;;%;%;%;%;%;%;%;%;%;%;%;%;%;%;%;%;%;%;%;%;%#
278;;;;%;%;%;%;%;%;%;%;%;%;%;%;%;%;%;%;%;%;%;%;%#
279;;;;%;%;%;%;%;%;%;%;%;%;%;%;%;%;%;%;%;%;%;%;%#
280;;;;%;%;%;%;%;%;%;%;%;%;%;%;%;%;%;%;%;%;%;%;%#
281;;;;%;%;%;%;%;%;%;%;%;%;%;%;%;%;%;%;%;%;%;%;%#
282;;;;%;%;%;%;%;%;%;%;%;%;%;%;%;%;%;%;%;%;%;%;%#
283;;;;%;%;%;%;%;%;%;%;%;%;%;%;%;%;%;%;%;%;%;%;%#
284;;;;%;%;%;%;%;%;%;%;%;%;%;%;%;%;%;%;%;%;%;%;%#
285;;;;%;%;%;%;%;%;%;%;%;%;%;%;%;%;%;%;%;%;%;%;%#
286;;;;%;%;%;%;%;%;%;%;%;%;%;%;%;%;%;%;%;%;%;%;%#
287;;;;%;%;%;%;%;%;%;%;%;%;%;%;%;%;%;%;%;%;%;%;%#
288;;;;%;%;%;%;%;%;%;%;%;%;%;%;%;%;%;%;%;%;%;%;%#
289;;;;%;%;%;%;%;%;%;%;%;%;%;%;%;%;%;%;%;%;%;%;%#
290;;;;%;%;%;%;%;%;%;%;%;%;%;%;%;%;%;%;%;%;%;%;%#
291;;;;%;%;%;%;%;%;%;%;%;%;%;%;%;%;%;%;%;%;%;%;%#
292;;;;%;%;%;%;%;%;%;%;%;%;%;%;%;%;%;%;%;%;%;%;%#
293;;;;%;%;%;%;%;%;%;%;%;%;%;%;%;%;%;%;%;%;%;%;%#
294;;;;%;%;%;%;%;%;%;%;%;%;%;%;%;%;%;%;%;%;%;%;%#
295;;;;%;%;%;%;%;%;%;%;%;%;%;%;%;%;%;%;%;%;%;%;%#
296;;;;%;%;%;%;%;%;%;%;%;%;%;%;%;%;%;%;%;%;%;%;%#
297;;;;%;%;%;%;%;%;%;%;%;%;%;%;%;%;%;%;%;%;%;%;%#
298;;;;%;%;%;%;%;%;%;%;%;%;%;%;%;%;%;%;%;%;%;%;%#
299;;;;%;%;%;%;%;%;%;%;%;%;%;%;%;%;%;%;%;%;%;%;%#
300;;;;%;%;%;%;%;%;%;%;%;%;%;%;%;%;%;%;%;%;%;%;%#
301;;;;%;%;%;%;%;%;%;%;%;%;%;%;%;%;%;%;%;%;%;%;%#
302;;;;%;%;%;%;%;%;%;%;%;%;%;%;%;%;%;%;%;%;%;%;%#
303;;;;%;%;%;%;%;%;%;%;%;%;%;%;%;%;%;%;%;%;%;%;%#
304;;;;%;%;%;%;%;%;%;%;%;%;%;%;%;%;%;%;%;%;%;%;%#
305;;;;%;%;%;%;%;%;%;%;%;%;%;%;%;%;%;%;%;%;%;%;%#
306;;;;%;%;%;%;%;%;%;%;%;%;%;%;%;%;%;%;%;%;%;%;%#
307;;;;%;%;%;%;%;%;%;%;%;%;%;%;%;%;%;%;%;%;%;%;%#
308;;;;%;%;%;%;%;%;%;%;%;%;%;%;%;%;%;%;%;%;%;%;%#
309;;;;%;%;%;%;%;%;%;%;%;%;%;%;%;%;%;%;%;%;%;%;%#
310;;;;%;%;%;%;%;%;%;%;%;%;%;%;%;%;%;%;%;%;%;%;%#
311;;;;%;%;%;%;%;%;%;%;%;%;%;%;%;%;%;%;%;%;%;%;%#
312;;;;%;%;%;%;%;%;%;%;%;%;%;%;%;%;%;%;%;%;%;%;%#
313;;;;%;%;%;%;%;%;%;%;%;%;%;%;%;%;%;%;%;%;%;%;%#
314;;;;%;%;%;%;%;%;%;%;%;%;%;%;%;%;%;%;%;%;%;%;%#
315;;;;%;%;%;%;%;%;%;%;%;%;%;%;%;%;%;%;%;%;%;%;%#
316;;;;%;%;%;%;%;%;%;%;%;%;%;%;%;%;%;%;%;%;%;%;%#
317;;;;%;%;%;%;%;%;%;%;%;%;%;%;%;%;%;%;%;%;%;%;%#
318;;;;%;%;%;%;%;%;%;%;%;%;%;%;%;%;%;%;%;%;%;%;%#
319;;;;%;%;%;%;%;%;%;%;%;%;%;%;%;%;%;%;%;%;%;%;%#
320;;;;%;%;%;%;%;%;%;%;%;%;%;%;%;%;%;%;%;%;%;%;%#
321;;;;%;%;%;%;%;%;%;%;%;%;%;%;%;%;%;%;%;%;%;%;%#
322;;;;%;%;%;%;%;%;%;%;%;%;%;%;%;%;%;%;%;%;%;%;%#
323;;;;%;%;%;%;%;%;%;%;%;%;%;%;%;%;%;%;%;%;%;%;%#
324;;;;%;%;%;%;%;%;%;%;%;%;%;%;%;%;%;%;%;%;%;%;%#
325;;;;%;%;%;%;%;%;%;%;%;%;%;%;%;%;%;%;%;%;%;%;%#
326;;;;%;%;%;%;%;%;%;%;%;%;%;%;%;%;%;%;%;%;%;%;%#
327;;;;%;%;%;%;%;%;%;%;%;%;%;%;%;%;%;%;%;%;%;%;%#
328;;;;%;%;%;%;%;%;%;%;%;%;%;%;%;%;%;%;%;%;%;%;%#
329;;;;%;%;%;%;%;%;%;%;%;%;%;%;%;%;%;%;%;%;%;%;%#
330;;;;%;%;%;%;%;%;%;%;%;%;%;%;%;%;%;%;%;%;%;%;%#
331;;;;%;%;%;%;%;%;%;%;%;%;%;%;%;%;%;%;%;%;%;%;%#
332;;;;%;%;%;%;%;%;%;%;%;%;%;%;%;%;%;%;%;%;%;%;%#
333;;;;%;%;%;%;%;%;%;%;%;%;%;%;%;%;%;%;%;%;%;%;%#
334;;;;%;%;%;%;%;%;%;%;%;%;%;%;%;%;%;%;%;%;%;%;%#
335;;;;%;%;%;%;%;%;%;%;%;%;%;%;%;%;%;%;%;%;%;%;%#
336;;;;%;%;%;%;%;%;%;%;%;%;%;%;%;%;%;%;%;%;%;%;%#
337;;;;%;%;%;%;%;%;%;%;%;%;%;%;%;%;%;%;%;%;%;%;%#
338;;;;%;%;%;%;%;%;%;%;%;%;%;%;%;%;%;%;%;%;%;%;%#
339;;;;%;%;%;%;%;%;%;%;%;%;%;%;%;%;%;%;%;%;%;%;%#
340;;;;%;%;%;%;%;%;%;%;%;%;%;%;%;%;%;%;%;%;%;%;%#
341;;;;%;%;%;%;%;%;%;%;%;%;%;%;%;%;%;%;%;%;%;%;%#
342;;;;%;%;%;%;%;%;%;%;%;%;%;%;%;%;%;%;%;%;%;%;%#
343;;;;%;%;%;%;%;%;%;%;%;%;%;%;%;%;%;%;%;%;%;%;%#
344;;;;%;%;%;%;%;%;%;%;%;%;%;%;%;%;%;%;%;%;%;%;%#
345;;;;%;%;%;%;%;%;%;%;%;%;%;%;%;%;%;%;%;%;%;%;%#
346;;;;%;%;%;%;%;%;%;%;%;%;%;%;%;%;%;%;%;%;%;%;%#
347;;;;%;%;%;%;%;%;%;%;%;%;%;%;%;%;%;%;%;%;%;%;%#
348;;;;%;%;%;%;%;%;%;%;%;%;%;%;%;%;%;%;%;%;%;%;%#
349;;;;%;%;%;%;%;%;%;%;%;%;%;%;%;%;%;%;%;%;%;%;%#
350;;;;%;%;%;%;%;%;%;%;%;%;%;%;%;%;%;%;%;%;%;%;%#
351;;;;%;%;%;%;%;%;%;%;%;%;%;%;%;%;%;%;%;%;%;%;%#
352;;;;%;%;%;%;%;%;%;%;%;%;%;%;%;%;%;%;%;%;%;%;%#
353;;;;%;%;%;%;%;%;%;%;%;%;%;%;%;%;%;%;%;%;%;%;%#
354;;;;%;%;%;%;%;%;%;%;%;%;%;%;%;%;%;%;%;%;%;%;%#
355;;;;%;%;%;%;%;%;%;%;%;%;%;%;%;%;%;%;%;%;%;%;%#
356;;;;%;%;%;%;%;%;%;%;%;%;%;%;%;%;%;%;%;%;%;%;%#
357;;;;%;%;%;%;%;%;%;%;%;%;%;%;%;%;%;%;%;%;%;%;%#
358;;;;%;%;%;%;%;%;%;%;%;%;%;%;%;%;%;%;%;%;%;%;%#
359;;;;%;%;%;%;%;%;%;%;%;%;%;%;%;%;%;%;%;%;%;%;%#
360;;;;%;%;%;%;%;%;%;%;%;%;%;%;%;%;%;%;%;%;%;%;%#
361;;;;%;%;%;%;%;%;%;%;%;%;%;%;%;%;%;%;%;%;%;%;%#
362;;;;%;%;%;%;%;%;%;%;%;%;%;%;%;%;%;%;%;%;%;%;%#
363;;;;%;%;%;%;%;%;%;%;%;%;%;%;%;%;%;%;%;%;%;%;%#
364;;;;%;%;%;%;%;%;%;%;%;%;%;%;%;%;%;%;%;%;%;%;%#
365;;;;%;%;%;%;%;%;%;%;%;%;%;%;%;%;%;%;%;%;%;%;%#
366;;;;%;%;%;%;%;%;%;%;%;%;%;%;%;%;%;%;%;%;%;%;%#
367;;;;%;%;%;%;%;%;%;%;%;%;%;%;%;%;%;%;%;%;%;%;%#
368;;;;%;%;%;%;%;%;%;%;%;%;%;%;%;%;%;%;%;%;%;%;%#
369;;;;%;%;%;%;%;%;%;%;%;%;%;%;%;%;%;%;%;%;%;%;%#
370;;;;%;%;%;%;%;%;%;%;%;%;%;%;%;%;%;%;%;%;%;%;%#
371;;;;%;%;%;%;%;%;%;%;%;%;%;%;%;%;%;%;%;%;%;%;%#
372;;;;%;%;%;%;%;%;%;%;%;%;%;%;%;%;%;%;%;%;%;%;%#
373;;;;%;%;%;%;%;%;%;%;%;%;%;%;%;%;%;%;%;%;%;%;%#
374;;;;%;%;%;%;%;%;%;%;%;%;%;%;%;%;%;%;%;%;%;%;%#
375;;;;%;%;%;%;%;%;%;%;%;%;%;%;%;%;%;%;%;%;%;%;%#
376;;;;%;%;%;%;%;%;%;%;%;%;%;%;%;%;%;%;%;%;%;%;%#
377;;;;%;%;%;%;%;%;%;%;%;%;%;%;%;%;%;%;%;%;%;%;%#
378;;;;%;%;%;%;%;%;%;%;%;%;%;%;%;%;%;%;%;%;%;%;%#
379;;;;%;%;%;%;%;%;%;%;%;%;%;%;%;%;%;%;%;%;%;%;%#
380;;;;%;%;%;%;%;%;%;%;%;%;%;%;%;%;%;%;%;%;%;%;%#
381;;;;%;%;%;%;%;%;%;%;%;%;%;%;%;%;%;%;%;%;%;%;%#
382;;;;%;%;%;%;%;%;%;%;%;%;%;%;%;%;%;%;%;%;%;%;%#
383;;;;%;%;%;%;%;%;%;%;%;%;%;%;%;%;%;%;%;%;%;%;%#
384;;;;%;%;%;%;%;%;%;%;%;%;%;%;%;%;%;%;%;%;%;%;%#
385;;;;%;%;%;%;%;%;%;%;%;%;%;%;%;%;%;%;%;%;%;%;%#
386;;;;%;%;%;%;%;%;%;%;%;%;%;%;%;%;%;%;%;%;%;%;%#
387;;;;%;%;%;%;%;%;%;%;%;%;%;%;%;%;%;%;%;%;%;%;%#
388;;;;%;%;%;%;%;%;%;%;%;%;%;%;%;%;%;%;%;%;%;%;%#
389;;;;%;%;%;%;%;%;%;%;%;%;%;%;%;%;%;%;%;%;%;%;%#
390;;;;%;%;%;%;%;%;%;%;%;%;%;%;%;%;%;%;%;%;%;%;%#
391;;;;%;%;%;%;%;%;%;%;%;%;%;%;%;%;%;%;%;%;%;%;%#
392;;;;%;%;%;%;%;%;%;%;%;%;%;%;%;%;%;%;%;%;%;%;%#
393;;;;%;%;%;%;%;%;%;%;%;%;%;%;%;%;%;%;%;%;%;%;%#
394;;;;%;%;%;%;%;%;%;%;%;%;%;%;%;%;%;%;%;%;%;%;%#
395;;;;%;%;%;%;%;%;%;%;%;%;%;%;%;%;%;%;%;%;%;%;%#
396;;;;%;%;%;%;%;%;%;%;%;%;%;%;%;%;%;%;%;%;%;%;%#
397;;;;%;%;%;%;%;%;%;%;%;%;%;%;%;%;%;%;%;%;%;%;%#
398;;;;%;%;%;%;%;%;%;%;%;%;%;%;%;%;%;%;%;%;%;%;%#
399;;;;%;%;%;%;%;%;%;%;%;%;%;%;%;%;%;%;%;%;%;%;%#
400;;;;%;%;%;%;%;%;%;%;%;%;%;%;%;%;%;%;%;%;%;%;%#
401;;;;%;%;%;%;%;%;%;%;%;%;%;%;%;%;%;%;%;%;%;%;%#
402;;;;%;%;%;%;%;%;%;%;%;%;%;%;%;%;%;%;%;%;%;%;%#
403;;;;%;%;%;%;%;%;%;%;%;%;%;%;%;%;%;%;%;%;%;%;%#
404;;;;%;%;%;%;%;%;%;%;%;%;%;%;%;%;%;%;%;%;%;%;%#
405;;;;%;%;%;%;%;%;%;%;%;%;%;%;%;%;%;%;%;%;%;%;%#
406;;;;%;%;%;%;%;%;%;%;%;%;%;%;%;%;%;%;%;%;%;%;%#
407;;;;%;%;%;%;%;%;%;%;%;%;%;%;%;%;%;%;%;%;%;%;%#
408;;;;%;%;%;%;%;%;%;%;%;%;%;%;%;%;%;%;%;%;%;%;%#
409;;;;%;%;%;%;%;%;%;%;%;%;%;%;%;%;%;%;%;%;%;%;%#
410;;;;%;%;%;%;%;%;%;%;%;%;%;%;%;%;%;%;%;%;%;%;%#
411;;;;%;%;%;%;%;%;%;%;%;%;%;%;%;%;%;%;%;%;%;%;%#
412;;;;%;%;%;%;%;%;%;%;%;%;%;%;%;%;%;%;%;%;%;%;%#
413;;;;%;%;%;%;%;%;%;%;%;%;%;%;%;%;%;%;%;%;%;%;%#
414;;;;%;%;%;%;%;%;%;%;%;%;%;%;%;%;%;%;%;%;%;%;%#
415;;;;%;%;%;%;%;%;%;%;%;%;%;%;%;%;%;%;%;%;%;%;%#
416;;;;%;%;%;%;%;%;%;%;%;%;%;%;%;%;%;%;%;%;%;%;%#
417;;;;%;%;%;%;%;%;%;%;%;%;%;%;%;%;%;%;%;%;%;%;%#
418;;;;%;%;%;%;%;%;%;%;%;%;%;%;%;%;%;%;%;%;%;%;%#
419;;;;%;%;%;%;%;%;%;%;%;%;%;%;%;%;%;%;%;%;%;%;%#
420;;;;%;%;%;%;%;%;%;%;%;%;%;%;%;%;%;%;%;%;%;%;%#
421;;;;%;%;%;%;%;%;%;%;%;%;%;%;%;%;%;%;%;%;%;%;%#
422;;;;%;%;%;%;%;%;%;%;%;%;%;%;%;%;%;%;%;%;%;%;%#
423;;;;%;%;%;%;%;%;%;%;%;%;%;%;%;%;%;%;%;%;%;%;%#
424;;;;%;%;%;%;%;%;%;%;%;%;%;%;%;%;%;%;%;%;%;%;%#
425;;;;%;%;%;%;%;%;%;%;%;%;%;%;%;%;%;%;%;%;%;%;%#
426;;;;%;%;%;%;%;%;%;%;%;%;%;%;%;%;%;%;%;%;%;%;%#
427;;;;%;%;%;%;%;%;%;%;%;%;%;%;%;%;%;%;%;%;%;%;%#
428;;;;%;%;%;%;%;%;%;%;%;%;%;%;%;%;%;%;%;%;%;%;%#
429;;;;%;%;%;%;%;%;%;%;%;%;%;%;%;%;%;%;%;%;%;%;%#
430;;;;%;%;%;%;%;%;%;%;%;%;%;%;%;%;%;%;%;%;%;%;%#
431;;;;%;%;%;%;%;%;%;%;%;%;%;%;%;%;%;%;%;%;%;%;%#
432;;;;%;%;%;%;%;%;%;%;%;%;%;%;%;%;%;%;%;%;%;%;%#
433;;;;%;%;%;%;%;%;%;%;%;%;%;%;%;%;%;%;%;%;%;%;%#
434;;;;%;%;%;%;%;%;%;%;%;%;%;%;%;%;%;%;%;%;%;%;%#
435;;;;%;%;%;%;%;%;%;%;%;%;%;%;%;%;%;%;%;%;%;%;%#
436;;;;%;%;%;%;%;%;%;%;%;%;%;%;%;%;%;%;%;%;%;%;%#
437;;;;%;%;%;%;%;%;%;%;%;%;%;%;%;%;%;%;%;%;%;%;%#
438;;;;%;%;%;%;%;%;%;%;%;%;%;%;%;%;%;%;%;%;%;%;%#
439;;;;%;%;%;%;%;%;%;%;%;%;%;%;%;%;%;%;%;%;%;%;%#
440;;;;%;%;%;%;%;%;%;%;%;%;%;%;%;%;%;%;%;%;%;%;%#
441;;;;%;%;%;%;%;%;%;%;%;%;%;%;%;%;%;%;%;%;%;%;%#
442;;;;%;%;%;%;%;%;%;%;%;%;%;%;%;%;%;%;%;%;%;%;%#
443;;;;%;%;%;%;%;%;%;%;%;%;%;%;%;%;%;%;%;%;%;%;%#
444;;;;%;%;%;%;%;%;%;%;%;%;%;%;%;%;%;%;%;%;%;%;%#
445;;;;%;%;%;%;%;%;%;%;%;%;%;%;%;%;%;%;%;%;%;%;%#
446;;;;%;%;%;%;%;%;%;%;%;%;%;%;%;%;%;%;%;%;%;%;%#
447;;;;%;%;%;%;%;%;%;%;%;%;%;%;%;%;%;%;%;%;%;%;%#
448;;;;%;%;%;%;%;%;%;%;%;%;%;%;%;%;%;%;%;%;%;%;%#
449;;;;%;%;%;%;%;%;%;%;%;%;%;%;%;%;%;%;%;%;%;%;%#
450;;;;%;%;%;%;%;%;%;%;%;%;%;%;%;%;%;%;%;%;%;%;%#
451;;;;%;%;%;%;%;%;%;%;%;%;%;%;%;%;%;%;%;%;%;%;%#
452;;;;%;%;%;%;%;%;%;%;%;%;%;%;%;%;%;%;%;%;%;%;%#
453;;;;%;%;%;%;%;%;%;%;%;%;%;%;%;%;%;%;%;%;%;%;%#
454;;;;%;%;%;%;%;%;%;%;%;%;%;%;%;%;%;%;%;%;%;%;%#
455;;;;%;%;%;%;%;%;%;%;%;%;%;%;%;%;%;%;%;%;%;%;%#
456;;;;%;%;%;%;%;%;%;%;%;%;%;%;%;%;%;%;%;%;%;%;%#
457;;;;%;%;%;%;%;%;%;%;%;%;%;%;%;%;%;%;%;%;%;%;%#
458;;;;%;%;%;%;%;%;%;%;%;%;%;%;%;%;%;%;%;%;%;%;%#
459;;;;%;%;%;%;%;%;%;%;%;%;%;%;%;%;%;%;%;%;%;%;%#
460;;;;%;%;%;%;%;%;%;%;%;%;%;%;%;%;%;%;%;%;%;%;%#
461;;;;%;%;%;%;%;%;%;%;%;%;%;%;%;%;%;%;%;%;%;%;%#
462;;;;%;%;%;%;%;%;%;%;%;%;%;%;%;%;%;%;%;%;%;%;%#
463;;;;%;%;%;%;%;%;%;%;%;%;%;%;%;%;%;%;%;%;%;%;%#
464;;;;%;%;%;%;%;%;%;%;%;%;%;%;%;%;%;%;%;%;%;%;%#
465;;;;%;%;%;%;%;%;%;%;%;%;%;%;%;%;%;%;%;%;%;%;%#
466;;;;%;%;%;%;%;%;%;%;%;%;%;%;%;%;%;%;%;%;%;%;%#
467;;;;%;%;%;%;%;%;%;%;%;%;%;%;%;%;%;%;%;%;%;%;%#
468;;;;%;%;%;%;%;%;%;%;%;%;%;%;%;%;%;%;%;%;%;%;%#
469;;;;%;%;%;%;%;%;%;%;%;%;%;%;%;%;%;%;%;%;%;%;%#
470;;;;%;%;%;%;%;%;%;%;%;%;%;%;%;%;%;%;%;%;%;%;%#
471;;;;%;%;%;%;%;%;%;%;%;%;%;%;%;%;%;%;%;%;%;%;%#
472;;;;%;%;%;%;%;%;%;%;%;%;%;%;%;%;%;%;%;%;%;%;%#
473;;;;%;%;%;%;%;%;%;%;%;%;%;%;%;%;%;%;%;%;%;%;%#
474;;;;%;%;%;%;%;%;%;%;%;%;%;%;%;%;%;%;%;%;%;%;%#
475;;;;%;%;%;%;%;%;%;%;%;%;%;%;%;%;%;%;%;%;%;%;%#
476;;;;%;%;%;%;%;%;%;%;%;%;%;%;%;%;%;%;%;%;%;%;%#
477;;;;%;%;%;%;%;%;%;%;%;%;%;%;%;%;%;%;%;%;%;%;%#
478;;;;%;%;%;%;%;%;%;%;%;%;%;%;%;%;%;%;%;%;%;%;%#
479;;;;%;%;%;%;%;%;%;%;%;%;%;%;%;%;%;%;%;%;%;%;%#
480;;;;%;%;%;%;%;%;%;%;%;%;%;%;%;%;%;%;%;%;%;%;%#
481;;;;%;%;%;%;%;%;%;%;%;%;%;%;%;%;%;%;%;%;%;%;%#
482;;;;%;%;%;%;%;%;%;%;%;%;%;%;%;%;%;%;%;%;%;%;%#
483;;;;%;%;%;%;%;%;%;%;%;%;%;%;%;%;%;%;%;%;%;%;%#
484;;;;%;%;%;%;%;%;%;%;%;%;%;%;%;%;%;%;%;%;%;%;%#
485;;;;%;%;%;%;%;%;%;%;%;%;%;%;%;%;%;%;%;%;%;%;%#
486;;;;%;%;%;%;%;%;%;%;%;%;%;%;%;%;%;%;%;%;%;%;%#
487;;;;%;%;%;%;%;%;%;%;%;%;%;%;%;%;%;%;%;%;%;%;%#
488;;;;%;%;%;%;%;%;%;%;%;%;%;%;%;%;%;%;%;%;%;%;%#
489;;;;%;%;%;%;%;%;%;%;%;%;%;%;%;%;%;%;%;%;%;%;%#
490;;;;%;%;%;%;%;%;%;%;%;%;%;%;%;%;%;%;%;%;%;%;%#
491;;;;%;%;%;%;%;%;%;%;%;%;%;%;%;%;%;%;%;%;%;%;%#
492;;;;%;%;%;%;%;%;%;%;%;%;%;%;%;%;%;%;%;%;%;%;%#
493;;;;%;%;%;%;%;%;%;%;%;%;%;%;%;%;%;%;%;%;%;%;%#
494;;;;%;%;%;%;%;%;%;%;%;%;%;%;%;%;%;%;%;%;%;%;%#
495;;;;%;%;%;%;%;%;%;%;%;%;%;%;%;%;%;%;%;%;%;%;%#
496;;;;%;%;%;%;%;%;%;%;%;%;%;%;%;%;%;%;%;%;%;%;%#
497;;;;%;%;%;%;%;%;%;%;%;%;%;%;%;%;%;%;%;%;%;%;%#
498;;;;%;%;%;%;%;%;%;%;%;%;%;%;%;%;%;%;%;%;%;%;%#
499;;;;%;%;%;%;%;%;%;%;%;%;%;%;%;%;%;%;%;%;%;%;%#
500;;;;%;%;%;%;%;%;%;%;%;%;%;%;%;%;%;%;%;%;%;%;%#
501;;;;%;%;%;%;%;%;%;%;%;%;%;%;%;%;%;%;%;%;%;%;%#
502;;;;%;%;%;%;%;%;%;%;%;%;%;%;%;%;%;%;%;%;%;%;%#
503;;;;%;%;%;%;%;%;%;%;%;%;%;%;%;%;%;%;%;%;%;%;%#
504;;;;%;%;%;%;%;%;%;%;%;%;%;%;%;%;%;%;%;%;%;%;%#
505;;;;%;%;%;%;%;%;%;%;%;%;%;%;%;%;%;%;%;%;%;%;%#
506;;;;%;%;%;%;%;%;%;%;%;%;%;%;%;%;%;%;%;%;%;%;%#
507;;;;%;%;%;%;%;%;%;%;%;%;%;%;%;%;%;%;%;%;%;%;%#
508;;;;%;%;%;%;%;%;%;%;%;%;%;%;%;%;%;%;%;%;%;%;%#
509;;;;%;%;%;%;%;%;%;%;%;%;%;%;%;%;%;%;%;%;%;%;%#
510;;;;%;%;%;%;%;%;%;%;%;%;%;%;%;%;%;%;%;%;%;%;%#
511;;;;%;%;%;%;%;%;%;%;%;%;%;%;%;%;%;%;%;%;%;%;%#
512;;;;%;%;%;%;%;%;%;%;%;%;%;%;%;%;%;%;%;%;%;%;%#
513;;;;%;%;%;%;%;%;%;%;%;%;%;%;%;%;%;%;%;%;%;%;%#
514;;;;%;%;%;%;%;%;%;%;%;%;%;%;%;%;%;%;%;%;%;%;%#
515;;;;%;%;%;%;%;%;%;%;%;%;%;%;%;%;%;%;%;%;%;%;%#
516;;;;%;%;%;%;%;%;%;%;%;%;%;%;%;%;%;%;%;%;%;%;%#
517;;;;%;%;%;%;%;%;%;%;%;%;%;%;%;%;%;%;%;%;%;%;%#
518;;;;%;%;%;%;%;%;%;%;%;%;%;%;%;%;%;%;%;%;%;%;%#
519;;;;%;%;%;%;%;%;%;%;%;%;%;%;%;%;%;%;%;%;%;%;%#
520;;;;%;%;%;%;%;%;%;%;%;%;%;%;%;%;%;%;%;%;%;%;%#
521;;;;%;%;%;%;%;%;%;%;%;%;%;%;%;%;%;%;%;%;%;%;%#
522;;;;%;%;%;%;%;%;%;%;%;%;%;%;%;%;%;%;%;%;%;%;%#
523;;;;%;%;%;%;%;%;%;%;%;%;%;%;%;%;%;%;%;%;%;%;%#
524;;;;%;%;%;%;%;%;%;%;%;%;%;%;%;%;%;%;%;%;%;%;%#
525;;;;%;%;%;%;%;%;%;%;%;%;%;%;%;%;%;%;%;%;%;%;%#
526;;;;%;%;%;%;%;%;%;%;%;%;%;%;%;%;%;%;%;%;%;%;%#
527;;;;%;%;%;%;%;%;%;%;%;%;%;%;%;%;%;%;%;%;%;%;%#
528;;;;%;%;%;%;%;%;%;%;%;%;%;%;%;%;%;%;%;%;%;%;%#
529;;;;%;%;%;%;%;%;%;%;%;%;%;%;%;%;%;%;%;%;%;%;%#
530;;;;%;%;%;%;%;%;%;%;%;%;%;%;%;%;%;%;%;%;%;%;%#
531;;;;%;%;%;%;%;%;%;%;%;%;%;%;%;%;%;%;%;%;%;%;%#
532;;;;%;%;%;%;%;%;%;%;%;%;%;%;%;%;%;%;%;%;%;%;%#
533;;;;%;%;%;%;%;%;%;%;%;%;%;%;%;%;%;%;%;%;%;%;%#
534;;;;%;%;%;%;%;%;%;%;%;%;%;%;%;%;%;%;%;%;%;%;%#
535;;;;%;%;%;%;%;%;%;%;%;%;%;%;%;%;%;%;%;%;%;%;%#
536;;;;%;%;%;%;%;%;%;%;%;%;%;%;%;%;%;%;%;%;%;%;%#
537;;;;%;%;%;%;%;%;%;%;%;%;%;%;%;%;%;%;%;%;%;%;%#
538;;;;%;%;%;%;%;%;%;%;%;%;%;%;%;%;%;%;%;%;%;%;%#
539;;;;%;%;%;%;%;%;%;%;%;%;%;%;%;%;%;%;%;%;%;%;%#
540;;;;%;%;%;%;%;%;%;%;%;%;%;%;%;%;%;%;%;%;%;%;%#
541;;;;%;%;%;%;%;%;%;%;%;%;%;%;%;%;%;%;%;%;%;%;%#
542;;;;%;%;%;%;%;%;%;%;%;%;%;%;%;%;%;%;%;%;%;%;%#
543;;;;%;%;%;%;%;%;%;%;%;%;%;%;%;%;%;%;%;%;%;%;%#
544;;;;%;%;%;%;%;%;%;%;%;%;%;%;%;%;%;%;%;%;%;%;%#
545;;;;%;%;%;%;%;%;%;%;%;%;%;%;%;%;%;%;%;%;%;%;%#
546;;;;%;%;%;%;%;%;%;%;%;%;%;%;%;%;%;%;%;%;%;%;%#
547;;;;%;%;%;%;%;%;%;%;%;%;%;%;%;%;%;%;%;%;%;%;%#
548;;;;%;%;%;%;%;%;%;%;%;%;%;%;%;%;%;%;%;%;%;%;%#
549;;;;%;%;%;%;%;%;%;%;%;%;%;%;%;%;%;%;%;%;%;%;%#
550;;;;%;%;%;%;%;%;%;%;%;%;%;%;%;%;%;%;%;%;%;%;%#
551;;;;%;%;%;%;%;%;%;%;%;%;%;%;%;%;%;%;%;%;%;%;%#
552;;;;%;%;%;%;%;%;%;%;%;%;%;%;%;%;%;%;%;%;%;%;%#
553;;;;%;%;%;%;%;%;%;%;%;%;%;%;%;%;%;%;%;%;%;%;%#
554;;;;%;%;%;%;%;%;%;%;%;%;%;%;%;%;%;%;%;%;%;%;%#
555;;;;%;%;%;%;%;%;%;%;%;%;%;%;%;%;%;%;%;%;%;%;%#
556;;;;%;%;%;%;%;%;%;%;%;%;%;%;%;%;%;%;%;%;%;%;%#
557;;;;%;%;%;%;%;%;%;%;%;%;%;%;%;%;%;%;%;%;%;%;%#
558;;;;%;%;%;%;%;%;%;%;%;%;%;%;%;%;%;%;%;%;%;%;%#
559;;;;%;%;%;%;%;%;%;%;%;%;%;%;%;%;%;%;%;%;%;%;%#
560;;;;%;%;%;%;%;%;%;%;%;%;%;%;%;%;%;%;%;%;%;%;%#
561;;;;%;%;%;%;%;%;%;%;%;%;%;%;%;%;%;%;%;%;%;%;%#
562;;;;%;%;%;%;%;%;%;%;%;%;%;%;%;%;%;%;%;%;%;%;%#
563;;;;%;%;%;%;%;%;%;%;%;%;%;%;%;%;%;%;%;%;%;%;%#
564;;;;%;%;%;%;%;%;%;%;%;%;%;%;%;%;%;%;%;%;%;%;%#
565;;;;%;%;%;%;%;%;%;%;%;%;%;%;%;%;%;%;%;%;%;%;%#
566;;;;%;%;%;%;%;%;%;%;%;%;%;%;%;%;%;%;%;%;%;%;%#
567;;;;%;%;%;%;%;%;%;%;%;%;%;%;%;%;%;%;%;%;%;%;%#
568;;;;%;%;%;%;%;%;%;%;%;%;%;%;%;%;%;%;%;%;%;%;%#
569;;;;%;%;%;%;%;%;%;%;%;%;%;%;%;%;%;%;%;%;%;%;%#
570;;;;%;%;%;%;%;%;%;%;%;%;%;%;%;%;%;%;%;%;%;%;%#
571;;;;%;%;%;%;%;%;%;%;%;%;%;%;%;%;%;%;%;%;%;%;%#
572;;;;%;%;%;%;%;%;%;%;%;%;%;%;%;%;%;%;%;%;%;%;%#
573;;;;%;%;%;%;%;%;%;%;%;%;%;%;%;%;%;%;%;%;%;%;%#
574;;;;%;%;%;%;%;%;%;%;%;%;%;%;%;%;%;%;%;%;%;%;%#
575;;;;%;%;%;%;%;%;%;%;%;%;%;%;%;%;%;%;%;%;%;%;%#
576;;;;%;%;%;%;%;%;%;%;%;%;%;%;%;%;%;%;%;%;%;%;%#
577;;;;%;%;%;%;%;%;%;%;%;%;%;%;%;%;%;%;%;%;%;%;%#
578;;;;%;%;%;%;%;%;%;%;%;%;%;%;%;%;%;%;%;%;%;%;%#
579;;;;%;%;%;%;%;%;%;%;%;%;%;%;%;%;%;%;%;%;%;%;%#
580;;;;%;%;%;%;%;%;%;%;%;%;%;%;%;%;%;%;%;%;%;%;%#
581;;;;%;%;%;%;%;%;%;%;%;%;%;%;%;%;%;%;%;%;%;%;%#
582;;;;%;%;%;%;%;%;%;%;%;%;%;%;%;%;%;%;%;%;%;%;%#
583;;;;%;%;%;%;%;%;%;%;%;%;%;%;%;%;%;%;%;%;%;%;%#
584;;;;%;%;%;%;%;%;%;%;%;%;%;%;%;%;%;%;%;%;%;%;%#
585;;;;%;%;%;%;%;%;%;%;%;%;%;%;%;%;%;%;%;%;%;%;%#
586;;;;%;%;%;%;%;%;%;%;%;%;%;%;%;%;%;%;%;%;%;%;%#
587;;;;%;%;%;%;%;%;%;%;%;%;%;%;%;%;%;%;%;%;%;%;%#
588;;;;%;%;%;%;%;%;%;%;%;%;%;%;%;%;%;%;%;%;%;%;%#
589;;;;%;%;%;%;%;%;%;%;%;%;%;%;%;%;%;%;%;%;%;%;%#
590;;;;%;%;%;%;%;%;%;%;%;%;%;%;%;%;%;%;%;%;%;%;%#
591;;;;%;%;%;%;%;%;%;%;%;%;%;%;%;%;%;%;%;%;%;%;%#
592;;;;%;%;%;%;%;%;%;%;%;%;%;%;%;%;%;%;%;%;%;%;%#
593;;;;%;%;%;%;%;%;%;%;%;%;%;%;%;%;%;%;%;%;%;%;%#
594;;;;%;%;%;%;%;%;%;%;%;%;%;%;%;%;%;%;%;%;%;%;%#
595;;;;%;%;%;%;%;%;%;%;%;%;%;%;%;%;%;%;%;%;%;%;%#
596;;;;%;%;%;%;%;%;%;%;%;%;%;%;%;%;%;%;%;%;%;%;%#
597;;;;%;%;%;%;%;%;%;%;%;%;%;%;%;%;%;%;%;%;%;%;%#
598;;;;%;%;%;%;%;%;%;%;%;%;%;%;%;%;%;%;%;%;%;%;%#
599;;;;%;%;%;%;%;%;%;%;%;%;%;%;%;%;%;%;%;%;%;%;%#
600;;;;%;%;%;%;%;%;%;%;%;%;%;%;%;%;%;%;%;%;%;%;%#
601;;;;%;%;%;%;%;%;%;%;%;%;%;%;%;%;%;%;%;%;%;%;%#
602;;;;%;%;%;%;%;%;%;%;%;%;%;%;%;%;%;%;%;%;%;%;%#
603;;;;%;%;%;%;%;%;%;%;%;%;%;%;%;%;%;%;%;%;%;%;%#
604;;;;%;%;%;%;%;%;%;%;%;%;%;%;%;%;%;%;%;%;%;%;%#
605;;;;%;%;%;%;%;%;%;%;%;%;%;%;%;%;%;%;%;%;%;%;%#
606;;;;%;%;%;%;%;%;%;%;%;%;%;%;%;%;%;%;%;%;%;%;%#
607;;;;%;%;%;%;%;%;%;%;%;%;%;%;%;%;%;%;%;%;%;%;%#
608;;;;%;%;%;%;%;%;%;%;%;%;%;%;%;%;%;%;%;%;%;%;%#
609;;;;%;%;%;%;%;%;%;%;%;%;%;%;%;%;%;%;%;%;%;%;%#
610;;;;%;%;%;%;%;%;%;%;%;%;%;%;%;%;%;%;%;%;%;%;%#
611;;;;%;%;%;%;%;%;%;%;%;%;%;%;%;%;%;%;%;%;%;%;%#
612;;;;%;%;%;%;%;%;%;%;%;%;%;%;%;%;%;%;%;%;%;%;%#
613;;;;%;%;%;%;%;%;%;%;%;%;%;%;%;%;%;%;%;%;%;%;%#
614;;;;%;%;%;%;%;%;%;%;%;%;%;%;%;%;%;%;%;%;%;%;%#
615;;;;%;%;%;%;%;%;%;%;%;%;%;%;%;%;%;%;%;%;%;%;%#
616;;;;%;%;%;%;%;%;%;%;%;%;%;%;%;%;%;%;%;%;%;%;%#
617;;;;%;%;%;%;%;%;%;%;%;%;%;%;%;%;%;%;%;%;%;%;%#
618;;;;%;%;%;%;%;%;%;%;%;%;%;%;%;%;%;%;%;%;%;%;%#
619;;;;%;%;%;%;%;%;%;%;%;%;%;%;%;%;%;%;%;%;%;%;%#
620;;;;%;%;%;%;%;%;%;%;%;%;%;%;%;%;%;%;%;%;%;%;%#
621;;;;%;%;%;%;%;%;%;%;%;%;%;%;%;%;%;%;%;%;%;%;%#
622;;;;%;%;%;%;%;%;%;%;%;%;%;%;%;%;%;%;%;%;%;%;%#
623;;;;%;%;%;%;%;%;%;%;%;%;%;%;%;%;%;%;%;%;%;%;%#
624;;;;%;%;%;%;%;%;%;%;%;%;%;%;%;%;%;%;%;%;%;%;%#
625;;;;%;%;%;%;%;%;%;%;%;%;%;%;%;%;%;%;%;%;%;%;%#
626;;;;%;%;%;%;%;%;%;%;%;%;%;%;%;%;%;%;%;%;%;%;%#
627;;;;%;%;%;%;%;%;%;%;%;%;%;%;%;%;%;%;%;%;%;%;%#
628;;;;%;%;%;%;%;%;%;%;%;%;%;%;%;%;%;%;%;%;%;%;%#
629;;;;%;%;%;%;%;%;%;%;%;%;%;%;%;%;%;%;%;%;%;%;%#
630;;;;%;%;%;%;%;%;%;%;%;%;%;%;%;%;%;%;%;%;%;%;%#
631;;;;%;%;%;%;%;%;%;%;%;%;%;%;%;%;%;%;%;%;%;%;%#
632;;;;%;%;%;%;%;%;%;%;%;%;%;%;%;%;%;%;%;%;%;%;%#
633;;;;%;%;%;%;%;%;%;%;%;%;%;%;%;%;%;%;%;%;%;%;%#
634;;;;%;%;%;%;%;%;%;%;%;%;%;%;%;%;%;%;%;%;%;%;%#
635;;;;%;%;%;%;%;%;%;%;%;%;%;%;%;%;%;%;%;%;%;%;%#
636;;;;%;%;%;%;%;%;%;%;%;%;%;%;%;%;%;%;%;%;%;%;%#
637;;;;%;%;%;%;%;%;%;%;%;%;%;%;%;%;%;%;%;%;%;%;%#
638;;;;%;%;%;%;%;%;%;%;%;%;%;%;%;%;%;%;%;%;%;%;%#
639;;;;%;%;%;%;%;%;%;%;%;%;%;%;%;%;%;%;%;%;%;%;%#
640;;;;%;%;%;%;%;%;%;%;%;%;%;%;%;%;%;%;%;%;%;%;%#
641;;;;%;%;%;%;%;%;%;%;%;%;%;%;%;%;%;%;%;%;%;%;%#
642;;;;%;%;%;%;%;%;%;%;%;%;%;%;%;%;%;%;%;%;%;%;%#
643;;;;%;%;%;%;%;%;%;%;%;%;%;%;%;%;%;%;%;%;%;%;%#
644;;;;%;%;%;%;%;%;%;%;%;%;%;%;%;%;%;%;%;%;%;%;%#
645;;;;%;%;%;%;%;%;%;%;%;%;%;%;%;%;%;%;%;%;%;%;%#
646;;;;%;%;%;%;%;%;%;%;%;%;%;%;%;%;%;%;%;%;%;%;%#
647;;;;%;%;%;%;%;%;%;%;%;%;%;%;%;%;%;%;%;%;%;%;%#
648;;;;%;%;%;%;%;%;%;%;%;%;%;%;%;%;%;%;%;%;%;%;%#
649;;;;%;%;%;%;%;%;%;%;%;%;%;%;%;%;%;%;%;%;%;%;%#
650;;;;%;%;%;%;%;%;%;%;%;%;%;%;%;%;%;%;%;%;%;%;%#
651;;;;%;%;%;%;%;%;%;%;%;%;%;%;%;%;%;%;%;%;%;%;%#
652;;;;%;%;%;%;%;%;%;%;%;%;%;%;%;%;%;%;%;%;%;%;%#
653;;;;%;%;%;%;%;%;%;%;%;%;%;%;%;%;%;%;%;%;%;%;%#
654;;;;%;%;%;%;%;%;%;%;%;%;%;%;%;%;%;%;%;%;%;%;%#
655;;;;%;%;%;%;%;%;%;%;%;%;%;%;%;%;%;%;%;%;%;%;%#
656;;;;%;%;%;%;%;%;%;%;%;%;%;%;%;%;%;%;%;%;%;%;%#
657;;;;%;%;%;%;%;%;%;%;%;%;%;%;%;%;%;%;%;%;%;%;%#
658;;;;%;%;%;%;%;%;%;%;%;%;%;%;%;%;%;%;%;%;%;%;%#
659;;;;%;%;%;%;%;%;%;%;%;%;%;%;%;%;%;%;%;%;%;%;%#
660;;;;%;%;%;%;%;%;%;%;%;%;%;%;%;%;%;%;%;%;%;%;%#
661;;;;%;%;%;%;%;%;%;%;%;%;%;%;%;%;%;%;%;%;%;%;%#
662;;;;%;%;%;%;%;%;%;%;%;%;%;%;%;%;%;%;%;%;%;%;%#
663;;;;%;%;%;%;%;%;%;%;%;%;%;%;%;%;%;%;%;%;%;%;%#
664;;;;%;%;%;%;%;%;%;%;%;%;%;%;%;%;%;%;%;%;%;%;%#
665;;;;%;%;%;%;%;%;%;%;%;%;%;%;%;%;%;%;%;%;%;%;%#
666;;;;%;%;%;%;%;%;%;%;%;%;%;%;%;%;%;%;%;%;%;%;%#
667;;;;%;%;%;%;%;%;%;%;%;%;%;%;%;%;%;%;%;%;%;%;%#
668;;;;%;%;%;%;%;%;%;%;%;%;%;%;%;%;%;%;%;%;%;%;%#
669;;;;%;%;%;%;%;%;%;%;%;%;%;%;%;%;%;%;%;%;%;%;%#
670;;;;%;%;%;%;%;%;%;%;%;%;%;%;%;%;%;%;%;%;%;%;%#
671;;;;%;%;%;%;%;%;%;%;%;%;%;%;%;%;%;%;%;%;%;%;%#
672;;;;%;%;%;%;%;%;%;%;%;%;%;%;%;%;%;%;%;%;%;%;%#
673;;;;%;%;%;%;%;%;%;%;%;%;%;%;%;%;%;%;%;%;%;%;%#
674;;;;%;%;%;%;%;%;%;%;%;%;%;%;%;%;%;%;%;%;%;%;%#
675;;;;%;%;%;%;%;%;%;%;%;%;%;%;%;%;%;%;%;%;%;%;%#
676;;;;%;%;%;%;%;%;%;%;%;%;%;%;%;%;%;%;%;%;%;%;%#
677;;;;%;%;%;%;%;%;%;%;%;%;%;%;%;%;%;%;%;%;%;%;%#
678;;;;%;%;%;%;%;%;%;%;%;%;%;%;%;%;%;%;%;%;%;%;%#
679;;;;%;%;%;%;%;%;%;%;%;%;%;%;%;%;%;%;%;%;%;%;%#
680;;;;%;%;%;%;%;%;%;%;%;%;%;%;%;%;%;%;%;%;%;%;%#
681;;;;%;%;%;%;%;%;%;%;%;%;%;%;%;%;%;%;%;%;%;%;%#
682;;;;%;%;%;%;%;%;%;%;%;%;%;%;%;%;%;%;%;%;%;%;%#
683;;;;%;%;%;%;%;%;%;%;%;%;%;%;%;%;%;%;%;%;%;%;%#
684;;;;%;%;%;%;%;%;%;%;%;%;%;%;%;%;%;%;%;%;%;%;%#
685;;;;%;%;%;%;%;%;%;%;%;%;%;%;%;%;%;%;%;%;%;%;%#
686;;;;%;%;%;%;%;%;%;%;%;%;%;%;%;%;%;%;%;%;%;%;%#
687;;;;%;%;%;%;%;%;%;%;%;%;%;%;%;%;%;%;%;%;%;%;%#
688;;;;%;%;%;%;%;%;%;%;%;%;%;%;%;%;%;%;%;%;%;%;%#
689;;;;%;%;%;%;%;%;%;%;%;%;%;%;%;%;%;%;%;%;%;%;%#
690;;;;%;%;%;%;%;%;%;%;%;%;%;%;%;%;%;%;%;%;%;%;%#
691;;;;%;%;%;%;%;%;%;%;%;%;%;%;%;%;%;%;%;%;%;%;%#
692;;;;%;%;%;%;%;%;%;%;%;%;%;%;%;%;%;%;%;%;%;%;%#
693;;;;%;%;%;%;%;%;%;%;%;%;%;%;%;%;%;%;%;%;%;%;%#
694;;;;%;%;%;%;%;%;%;%;%;%;%;%;%;%;%;%;%;%;%;%;%#
695;;;;%;%;%;%;%;%;%;%;%;%;%;%;%;%;%;%;%;%;%;%;%#
696;;;;%;%;%;%;%;%;%;%;%;%;%;%;%;%;%;%;%;%;%;%;%#
697;;;;%;%;%;%;%;%;%;%;%;%;%;%;%;%;%;%;%;%;%;%;%#
698;;;;%;%;%;%;%;%;%;%;%;%;%;%;%;%;%;%;%;%;%;%;%#
699;;;;%;%;%;%;%;%;%;%;%;%;%;%;%;%;%;%;%;%;%;%;%#
700;;;;%;%;%;%;%;%;%;%;%;%;%;%;%;%;%;%;%;%;%;%;%#
701;;;;%;%;%;%;%;%;%;%;%;%;%;%;%;%;%;%;%;%;%;%;%#
702;;;;%;%;%;%;%;%;%;%;%;%;%;%;%;%;%;%;%;%;%;%;%#
703;;;;%;%;%;%;%;%;%;%;%;%;%;%;%;%;%;%;%;%;%;%;%#
704;;;;%;%;%;%;%;%;%;%;%;%;%;%;%;%;%;%;%;%;%;%;%#
705;;;;%;%;%;%;%;%;%;%;%;%;%;%;%;%;%;%;%;%;%;%;%#
706;;;;%;%;%;%;%;%;%;%;%;%;%;%;%;%;%;%;%;%;%;%;%#
707;;;;%;%;%;%;%;%;%;%;%;%;%;%;%;%;%;%;%;%;%;%;%#
708;;;;%;%;%;%;%;%;%;%;%;%;%;%;%;%;%;%;%;%;%;%;%#
709;;;;%;%;%;%;%;%;%;%;%;%;%;%;%;%;%;%;%;%;%;%;%#
710;;;;%;%;%;%;%;%;%;%;%;%;%;%;%;%;%;%;%;%;%;%;%#
711;;;;%;%;%;%;%;%;%;%;%;%;%;%;%;%;%;%;%;%;%;%;%#
712;;;;%;%;%;%;%;%;%;%;%;%;%;%;%;%;%;%;%;%;%;%;%#
713;;;;%;%;%;%;%;%;%;%;%;%;%;%;%;%;%;%;%;%;%;%;%#
714;;;;%;%;%;%;%;%;%;%;%;%;%;%;%;%;%;%;%;%;%;%;%#
715;;;;%;%;%;%;%;%;%;%;%;%;%;%;%;%;%;%;%;%;%;%;%#
716;;;;%;%;%;%;%;%;%;%;%;%;%;%;%;%;%;%;%;%;%;%;%#
717;;;;%;%;%;%;%;%;%;%;%;%;%;%;%;%;%;%;%;%;%;%;%#
718;;;;%;%;%;%;%;%;%;%;%;%;%;%;%;%;%;%;%;%;%;%;%#
719;;;;%;%;%;%;%;%;%;%;%;%;%;%;%;%;%;%;%;%;%;%;%#
720;;;;%;%;%;%;%;%;%;%;%;%;%;%;%;%;%;%;%;%;%;%;%#
721;;;;%;%;%;%;%;%;%;%;%;%;%;%;%;%;%;%;%;%;%;%;%#
722;;;;%;%;%;%;%;%;%;%;%;%;%;%;%;%;%;%;%;%;%;%;%#
723;;;;%;%;%;%;%;%;%;%;%;%;%;%;%;%;%;%;%;%;%;%;%#
724;;;;%;%;%;%;%;%;%;%;%;%;%;%;%;%;%;%;%;%;%;%;%#
725;;;;%;%;%;%;%;%;%;%;%;%;%;%;%;%;%;%;%;%;%;%;%#
726;;;;%;%;%;%;%;%;%;%;%;%;%;%;%;%;%;%;%;%;%;%;%#
727;;;;%;%;%;%;%;%;%;%;%;%;%;%;%;%;%;%;%;%;%;%;%#
728;;;;%;%;%;%;%;%;%;%;%;%;%;%;%;%;%;%;%;%;%;%;%#
729;;;;%;%;%;%;%;%;%;%;%;%;%;%;%;%;%;%;%;%;%;%;%#
730;;;;%;%;%;%;%;%;%;%;%;%;%;%;%;%;%;%;%;%;%;%;%#
731;;;;%;%;%;%;%;%;%;%;%;%;%;%;%;%;%;%;%;%;%;%;%#
732;;;;%;%;%;%;%;%;%;%;%;%;%;%;%;%;%;%;%;%;%;%;%#
733;;;;%;%;%;%;%;%;%;%;%;%;%;%;%;%;%;%;%;%;%;%;%#
734;;;;%;%;%;%;%;%;%;%;%;%;%;%;%;%;%;%;%;%;%;%;%#
735;;;;%;%;%;%;%;%;%;%;%;%;%;%;%;%;%;%;%;%;%;%;%#
736;;;;%;%;%;%;%;%;%;%;%;%;%;%;%;%;%;%;%;%;%;%;%#
737;;;;%;%;%;%;%;%;%;%;%;%;%;%;%;%;%;%;%;%;%;%;%#
738;;;;%;%;%;%;%;%;%;%;%;%;%;%;%;%;%;%;%;%;%;%;%#
739;;;;%;%;%;%;%;%;%;%;%;%;%;%;%;%;%;%;%;%;%;%;%#
740;;;;%;%;%;%;%;%;%;%;%;%;%;%;%;%;%;%;%;%;%;%;%#
741;;;;%;%;%;%;%;%;%;%;%;%;%;%;%;%;%;%;%;%;%;%;%#
742;;;;%;%;%;%;%;%;%;%;%;%;%;%;%;%;%;%;%;%;%;%;%#
743;;;;%;%;%;%;%;%;%;%;%;%;%;%;%;%;%;%;%;%;%;%;%#
744;;;;%;%;%;%;%;%;%;%;%;%;%;%;%;%;%;%;%;%;%;%;%#
745;;;;%;%;%;%;%;%;%;%;%;%;%;%;%;%;%;%;%;%;%;%;%#
746;;;;%;%;%;%;%;%;%;%;%;%;%;%;%;%;%;%;%;%;%;%;%#
747;;;;%;%;%;%;%;%;%;%;%;%;%;%;%;%;%;%;%;%;%;%;%#
748;;;;%;%;%;%;%;%;%;%;%;%;%;%;%;%;%;%;%;%;%;%;%#
749;;;;%;%;%;%;%;%;%;%;%;%;%;%;%;%;%;%;%;%;%;%;%#
750;;;;%;%;%;%;%;%;%;%;%;%;%;%;%;%;%;%;%;%;%;%;%#
751;;;;%;%;%;%;%;%;%;%;%;%;%;%;%;%;%;%;%;%;%;%;%#
752;;;;%;%;%;%;%;%;%;%;%;%;%;%;%;%;%;%;%;%;%;%;%#
753;;;;%;%;%;%;%;%;%;%;%;%;%;%;%;%;%;%;%;%;%;%;%#
754;;;;%;%;%;%;%;%;%;%;%;%;%;%;%;%;%;%;%;%;%;%;%#
755;;;;%;%;%;%;%;%;%;%;%;%;%;%;%;%;%;%;%;%;%;%;%#
756;;;;%;%;%;%;%;%;%;%;%;%;%;%;%;%;%;%;%;%;%;%;%#
757;;;;%;%;%;%;%;%;%;%;%;%;%;%;%;%;%;%;%;%;%;%;%#
758;;;;%;%;%;%;%;%;%;%;%;%;%;%;%;%;%;%;%;%;%;%;%#
759;;;;%;%;%;%;%;%;%;%;%;%;%;%;%;%;%;%;%;%;%;%;%#
760;;;;%;%;%;%;%;%;%;%;%;%;%;%;%;%;%;%;%;%;%;%;%#
761;;;;%;%;%;%;%;%;%;%;%;%;%;%;%;%;%;%;%;%;%;%;%#
762;;;;%;%;%;%;%;%;%;%;%;%;%;%;%;%;%;%;%;%;%;%;%#
763;;;;%;%;%;%;%;%;%;%;%;%;%;%;%;%;%;%;%;%;%;%;%#
764;;;;%;%;%;%;%;%;%;%;%;%;%;%;%;%;%;%;%;%;%;%;%#
765;;;;%;%;%;%;%;%;%;%;%;%;%;%;%;%;%;%;%;%;%;%;%#
766;;;;%;%;%;%;%;%;%;%;%;%;%;%;%;%;%;%;%;%;%;%;%#
767;;;;%;%;%;%;%;%;%;%;%;%;%;%;%;%;%;%;%;%;%;%;%#
768;;;;%;%;%;%;%;%;%;%;%;%;%;%;%;%;%;%;%;%;%;%;%#
769;;;;%;%;%;%;%;%;%;%;%;%;%;%;%;%;%;%;%;%;%;%;%#
770;;;;%;%;%;%;%;%;%;%;%;%;%;%;%;%;%;%;%;%;%;%;%#
771;;;;%;%;%;%;%;%;%;%;%;%;%;%;%;%;%;%;%;%;%;%;%#
772;;;;%;%;%;%;%;%;%;%;%;%;%;%;%;%;%;%;%;%;%;%;%#
773;;;;%;%;%;%;%;%;%;%;%;%;%;%;%;%;%;%;%;%;%;%;%#
774;;;;%;%;%;%;%;%;%;%;%;%;%;%;%;%;%;%;%;%;%;%;%#
775;;;;%;%;%;%;%;%;%;%;%;%;%;%;%;%;%;%;%;%;%;%;%#
776;;;;%;%;%;%;%;%;%;%;%;%;%;%;%;%;%;%;%;%;%;%;%#
777;;;;%;%;%;%;%;%;%;%;%;%;%;%;%;%;%;%;%;%;%;%;%#
778;;;;%;%;%;%;%;%;%;%;%;%;%;%;%;%;%;%;%;%;%;%;%#
779;;;;%;%;%;%;%;%;%;%;%;%;%;%;%;%;%;%;%;%;%;%;%#
780;;;;%;%;%;%;%;%;%;%;%;%;%;%;%;%;%;%;%;%;%;%;%#
781;;;;%;%;%;%;%;%;%;%;%;%;%;%;%;%;%;%;%;%;%;%;%#
782;;;;%;%;%;%;%;%;%;%;%;%;%;%;%;%;%;%;%;%;%;%;%#
783;;;;%;%;%;%;%;%;%;%;%;%;%;%;%;%;%;%;%;%;%;%;%#
784;;;;%;%;%;%;%;%;%;%;%;%;%;%;%;%;%;%;%;%;%;%;%#
785;;;;%;%;%;%;%;%;%;%;%;%;%;%;%;%;%;%;%;%;%;%;%#
786;;;;%;%;%;%;%;%;%;%;%;%;%;%;%;%;%;%;%;%;%;%;%#
787;;;;%;%;%;%;%;%;%;%;%;%;%;%;%;%;%;%;%;%;%;%;%#
788;;;;%;%;%;%;%;%;%;%;%;%;%;%;%;%;%;%;%;%;%;%;%#
789;;;;%;%;%;%;%;%;%;%;%;%;%;%;%;%;%;%;%;%;%;%;%#
790;;;;%;%;%;%;%;%;%;%;%;%;%;%;%;%;%;%;%;%;%;%;%#
791;;;;%;%;%;%;%;%;%;%;%;%;%;%;%;%;%;%;%;%;%;%;%#
792;;;;%;%;%;%;%;%;%;%;%;%;%;%;%;%;%;%;%;%;%;%;%#
793;;;;%;%;%;%;%;%;%;%;%;%;%;%;%;%;%;%;%;%;%;%;%#
794;;;;%;%;%;%;%;%;%;%;%;%;%;%;%;%;%;%;%;%;%;%;%#
795;;;;%;%;%;%;%;%;%;%;%;%;%;%;%;%;%;%;%;%;%;%;%#
796;;;;%;%;%;%;%;%;%;%;%;%;%;%;%;%;%;%;%;%;%;%;%#
797;;;;%;%;%;%;%;%;%;%;%;%;%;%;%;%;%;%;%;%;%;%;%#
798;;;;%;%;%;%;%;%;%;%;%;%;%;%;%;%;%;%;%;%;%;%;%#
799;;;;%;%;%;%;%;%;%;%;%;%;%;%;%;%;%;%;%;%;%;%;%#
800;;;;%;%;%;%;%;%;%;%;%;%;%;%;%;%;%;%;%;%;%;%;%#
801;;;;%;%;%;%;%;%;%;%;%;%;%;%;%;%;%;%;%;%;%;%;%#
802;;;;%;%;%;%;%;%;%;%;%;%;%;%;%;%;%;%;%;%;%;%;%#
803;;;;%;%;%;%;%;%;%;%;%;%;%;%;%;%;%;%;%;%;%;%;%#
804;;;;%;%;%;%;%;%;%;%;%;%;%;%;%;%;%;%;%;%;%;%;%#
805;;;;%;%;%;%;%;%;%;%;%;%;%;%;%;%;%;%;%;%;%;%;%#
806;;;;%;%;%;%;%;%;%;%;%;%;%;%;%;%;%;%;%;%;%;%;%#
807;;;;%;%;%;%;%;%;%;%;%;%;%;%;%;%;%;%;%;%;%;%;%#
808;;;;%;%;%;%;%;%;%;%;%;%;%;%;%;%;%;%;%;%;%;%;%#
809;;;;%;%;%;%;%;%;%;%;%;%;%;%;%;%;%;%;%;%;%;%;%#
810;;;;%;%;%;%;%;%;%;%;%;%;%;%;%;%;%;%;%;%;%;%;%#
811;;;;%;%;%;%;%;%;%;%;%;%;%;%;%;%;%;%;%;%;%;%;%#
812;;;;%;%;%;%;%;%;%;%;%;%;%;%;%;%;%;%;%;%;%;%;%#
813;;;;%;%;%;%;%;%;%;%;%;%;%;%;%;%;%;%;%;%;%;%;%#
814;;;;%;%;%;%;%;%;%;%;%;%;%;%;%;%;%;%;%;%;%;%;%#
815;;;;%;%;%;%;%;%;%;%;%;%;%;%;%;%;%;%;%;%;%;%;%#
816;;;;%;%;%;%;%;%;%;%;%;%;%;%;%;%;%;%;%;%;%;%;%#
817;;;;%;%;%;%;%;%;%;%;%;%;%;%;%;%;%;%;%;%;%;%;%#
818;;;;%;%;%;%;%;%;%;%;%;%;%;%;%;%;%;%;%;%;%;%;%#
819;;;;%;%;%;%;%;%;%;%;%;%;%;%;%;%;%;%;%;%;%;%;%#
820;;;;%;%;%;%;%;%;%;%;%;%;%;%;%;%;%;%;%;%;%;%;%#
821;;;;%;%;%;%;%;%;%;%;%;%;%;%;%;%;%;%;%;%;%;%;%#
822;;;;%;%;%;%;%;%;%;%;%;%;%;%;%;%;%;%;%;%;%;%;%#
823;;;;%;%;%;%;%;%;%;%;%;%;%;%;%;%;%;%;%;%;%;%;%#
824;;;;%;%;%;%;%;%;%;%;%;%;%;%;%;%;%;%;%;%;%;%;%#
825;;;;%;%;%;%;%;%;%;%;%;%;%;%;%;%;%;%;%;%;%;%;%#
826;;;;%;%;%;%;%;%;%;%;%;%;%;%;%;%;%;%;%;%;%;%;%#
827;;;;%;%;%;%;%;%;%;%;%;%;%;%;%;%;%;%;%;%;%;%;%#
828;;;;%;%;%;%;%;%;%;%;%;%;%;%;%;%;%;%;%;%;%;%;%#
829;;;;%;%;%;%;%;%;%;%;%;%;%;%;%;%;%;%;%;%;%;%;%#
830;;;;%;%;%;%;%;%;%;%;%;%;%;%;%;%;%;%;%;%;%;%;%#
831;;;;%;%;%;%;%;%;%;%;%;%;%;%;%;%;%;%;%;%;%;%;%#
832;;;;%;%;%;%;%;%;%;%;%;%;%;%;%;%;%;%;%;%;%;%;%#
833;;;;%;%;%;%;%;%;%;%;%;%;%;%;%;%;%;%;%;%;%;%;%#
834;;;;%;%;%;%;%;%;%;%;%;%;%;%;%;%;%;%;%;%;%;%;%#
835;;;;%;%;%;%;%;%;%;%;%;%;%;%;%;%;%;%;%;%;%;%;%#
836;;;;%;%;%;%;%;%;%;%;%;%;%;%;%;%;%;%;%;%;%;%;%#
837;;;;%;%;%;%;%;%;%;%;%;%;%;%;%;%;%;%;%;%;%;%;%#
838;;;;%;%;%;%;%;%;%;%;%;%;%;%;%;%;%;%;%;%;%;%;%#
839;;;;%;%;%;%;%;%;%;%;%;%;%;%;%;%;%;%;%;%;%;%;%#
840;;;;%;%;%;%;%;%;%;%;%;%;%;%;%;%;%;%;%;%;%;%;%#
841;;;;%;%;%;%;%;%;%;%;%;%;%;%;%;%;%;%;%;%;%;%;%#
842;;;;%;%;%;%;%;%;%;%;%;%;%;%;%;%;%;%;%;%;%;%;%#
843;;;;%;%;%;%;%;%;%;%;%;%;%;%;%;%;%;%;%;%;%;%;%#
844;;;;%;%;%;%;%;%;%;%;%;%;%;%;%;%;%;%;%;%;%;%;%#
845;;;;%;%;%;%;%;%;%;%;%;%;%;%;%;%;%;%;%;%;%;%;%#
846;;;;%;%;%;%;%;%;%;%;%;%;%;%;%;%;%;%;%;%;%;%;%#
847;;;;%;%;%;%;%;%;%;%;%;%;%;%;%;%;%;%;%;%;%;%;%#
848;;;;%;%;%;%;%;%;%;%;%;%;%;%;%;%;%;%;%;%;%;%;%#
849;;;;%;%;%;%;%;%;%;%;%;%;%;%;%;%;%;%;%;%;%;%;%#
850;;;;%;%;%;%;%;%;%;%;%;%;%;%;%;%;%;%;%;%;%;%;%#
851;;;;%;%;%;%;%;%;%;%;%;%;%;%;%;%;%;%;%;%;%;%;%#
852;;;;%;%;%;%;%;%;%;%;%;%;%;%;%;%;%;%;%;%;%;%;%#
853;;;;%;%;%;%;%;%;%;%;%;%;%;%;%;%;%;%;%;%;%;%;%#
854;;;;%;%;%;%;%;%;%;%;%;%;%;%;%;%;%;%;%;%;%;%;%#
855;;;;%;%;%;%;%;%;%;%;%;%;%;%;%;%;%;%;%;%;%;%;%#
856;;;;%;%;%;%;%;%;%;%;%;%;%;%;%;%;%;%;%;%;%;%;%#
857;;;;%;%;%;%;%;%;%;%;%;%;%;%;%;%;%;%;%;%;%;%;%#
858;;;;%;%;%;%;%;%;%;%;%;%;%;%;%;%;%;%;%;%;%;%;%#
859;;;;%;%;%;%;%;%;%;%;%;%;%;%;%;%;%;%;%;%;%;%;%#
860;;;;%;%;%;%;%;%;%;%;%;%;%;%;%;%;%;%;%;%;%;%;%#
861;;;;%;%;%;%;%;%;%;%;%;%;%;%;%;%;%;%;%;%;%;%;%#
862;;;;%;%;%;%;%;%;%;%;%;%;%;%;%;%;%;%;%;%;%;%;%#
863;;;;%;%;%;%;%;%;%;%;%;%;%;%;%;%;%;%;%;%;%;%;%#
864;;;;%;%;%;%;%;%;%;%;%;%;%;%;%;%;%;%;%;%;%;%;%#
865;;;;%;%;%;%;%;%;%;%;%;%;%;%;%;%;%;%;%;%;%;%;%#
866;;;;%;%;%;%;%;%;%;%;%;%;%;%;%;%;%;%;%;%;%;%;%#
867;;;;%;%;%;%;%;%;%;%;%;%;%;%;%;%;%;%;%;%;%;%;%#
868;;;;%;%;%;%;%;%;%;%;%;%;%;%;%;%;%;%;%;%;%;%;%#
869;;;;%;%;%;%;%;%;%;%;%;%;%;%;%;%;%;%;%;%;%;%;%#
870;;;;%;%;%;%;%;%;%;%;%;%;%;%;%;%;%;%;%;%;%;%;%#
871;;;;%;%;%;%;%;%;%;%;%;%;%;%;%;%;%;%;%;%;%;%;%#
872;;;;%;%;%;%;%;%;%;%;%;%;%;%;%;%;%;%;%;%;%;%;%#
873;;;;%;%;%;%;%;%;%;%;%;%;%;%;%;%;%;%;%;%;%;%;%#
874;;;;%;%;%;%;%;%;%;%;%;%;%;%;%;%;%;%;%;%;%;%;%#
875;;;;%;%;%;%;%;%;%;%;%;%;%;%;%;%;%;%;%;%;%;%;%#
876;;;;%;%;%;%;%;%;%;%;%;%;%;%;%;%;%;%;%;%;%;%;%#
877;;;;%;%;%;%;%;%;%;%;%;%;%;%;%;%;%;%;%;%;%;%;%#
878;;;;%;%;%;%;%;%;%;%;%;%;%;%;%;%;%;%;%;%;%;%;%#
879;;;;%;%;%;%;%;%;%;%;%;%;%;%;%;%;%;%;%;%;%;%;%#
880;;;;%;%;%;%;%;%;%;%;%;%;%;%;%;%;%;%;%;%;%;%;%#
881;;;;%;%;%;%;%;%;%;%;%;%;%;%;%;%;%;%;%;%;%;%;%#
882;;;;%;%;%;%;%;%;%;%;%;%;%;%;%;%;%;%;%;%;%;%;%#
883;;;;%;%;%;%;%;%;%;%;%;%;%;%;%;%;%;%;%;%;%;%;%#
884;;;;%;%;%;%;%;%;%;%;%;%;%;%;%;%;%;%;%;%;%;%;%#
885;;;;%;%;%;%;%;%;%;%;%;%;%;%;%;%;%;%;%;%;%;%;%#
886;;;;%;%;%;%;%;%;%;%;%;%;%;%;%;%;%;%;%;%;%;%;%#
887;;;;%;%;%;%;%;%;%;%;%;%;%;%;%;%;%;%;%;%;%;%;%#
888;;;;%;%;%;%;%;%;%;%;%;%;%;%;%;%;%;%;%;%;%;%;%#
889;;;;%;%;%;%;%;%;%;%;%;%;%;%;%;%;%;%;%;%;%;%;%#
890;;;;%;%;%;%;%;%;%;%;%;%;%;%;%;%;%;%;%;%;%;%;%#
891;;;;%;%;%;%;%;%;%;%;%;%;%;%;%;%;%;%;%;%;%;%;%#
892;;;;%;%;%;%;%;%;%;%;%;%;%;%;%;%;%;%;%;%;%;%;%#
893;;;;%;%;%;%;%;%;%;%;%;%;%;%;%;%;%;%;%;%;%;%;%#
894;;;;%;%;%;%;%;%;%;%;%;%;%;%;%;%;%;%;%;%;%;%;%#
895;;;;%;%;%;%;%;%;%;%;%;%;%;%;%;%;%;%;%;%;%;%;%#
896;;;;%;%;%;%;%;%;%;%;%;%;%;%;%;%;%;%;%;%;%;%;%#
897;;;;%;%;%;%;%;%;%;%;%;%;%;%;%;%;%;%;%;%;%;%;%#
898;;;;%;%;%;%;%;%;%;%;%;%;%;%;%;%;%;%;%;%;%;%;%#
899;;;;%;%;%;%;%;%;%;%;%;%;%;%;%;%;%;%;%;%;%;%;%#
900;;;;%;%;%;%;%;%;%;%;%;%;%;%;%;%;%;%;%;%;%;%;%#
901;;;;%;%;%;%;%;%;%;%;%;%;%;%;%;%;%;%;%;%;%;%;%#
902;;;;%;%;%;%;%;%;%;%;%;%;%;%;%;%;%;%;%;%;%;%;%#
903;;;;%;%;%;%;%;%;%;%;%;%;%;%;%;%;%;%;%;%;%;%;%#
904;;;;%;%;%;%;%;%;%;%;%;%;%;%;%;%;%;%;%;%;%;%;%#
905;;;;%;%;%;%;%;%;%;%;%;%;%;%;%;%;%;%;%;%;%;%;%#
906;;;;%;%;%;%;%;%;%;%;%;%;%;%;%;%;%;%;%;%;%;%;%#
907;;;;%;%;%;%;%;%;%;%;%;%;%;%;%;%;%;%;%;%;%;%;%#
908;;;;%;%;%;%;%;%;%;%;%;%;%;%;%;%;%;%;%;%;%;%;%#
909;;;;%;%;%;%;%;%;%;%;%;%;%;%;%;%;%;%;%;%;%;%;%#
910;;;;%;%;%;%;%;%;%;%;%;%;%;%;%;%;%;%;%;%;%;%;%#
911;;;;%;%;%;%;%;%;%;%;%;%;%;%;%;%;%;%;%;%;%;%;%#
912;;;;%;%;%;%;%;%;%;%;%;%;%;%;%;%;%;%;%;%;%;%;%#
913;;;;%;%;%;%;%;%;%;%;%;%;%;%;%;%;%;%;%;%;%;%;%#
914;;;;%;%;%;%;%;%;%;%;%;%;%;%;%;%;%;%;%;%;%;%;%#
915;;;;%;%;%;%;%;%;%;%;%;%;%;%;%;%;%;%;%;%;%;%;%#
916;;;;%;%;%;%;%;%;%;%;%;%;%;%;%;%;%;%;%;%;%;%;%#
917;;;;%;%;%;%;%;%;%;%;%;%;%;%;%;%;%;%;%;%;%;%;%#
918;;;;%;%;%;%;%;%;%;%;%;%;%;%;%;%;%;%;%;%;%;%;%#
919;;;;%;%;%;%;%;%;%;%;%;%;%;%;%;%;%;%;%;%;%;%;%#
920;;;;%;%;%;%;%;%;%;%;%;%;%;%;%;%;%;%;%;%;%;%;%#
921;;;;%;%;%;%;%;%;%;%;%;%;%;%;%;%;%;%;%;%;%;%;%#
922;;;;%;%;%;%;%;%;%;%;%;%;%;%;%;%;%;%;%;%;%;%;%#
923;;;;%;%;%;%;%;%;%;%;%;%;%;%;%;%;%;%;%;%;%;%;%#
924;;;;%;%;%;%;%;%;%;%;%;%;%;%;%;%;%;%;%;%;%;%;%#
925;;;;%;%;%;%;%;%;%;%;%;%;%;%;%;%;%;%;%;%;%;%;%#
926;;;;%;%;%;%;%;%;%;%;%;%;%;%;%;%;%;%;%;%;%;%;%#
927;;;;%;%;%;%;%;%;%;%;%;%;%;%;%;%;%;%;%;%;%;%;%#
928;;;;%;%;%;%;%;%;%;%;%;%;%;%;%;%;%;%;%;%;%;%;%#
929;;;;%;%;%;%;%;%;%;%;%;%;%;%;%;%;%;%;%;%;%;%;%#
930;;;;%;%;%;%;%;%;%;%;%;%;%;%;%;%;%;%;%;%;%;%;%#
931;;;;%;%;%;%;%;%;%;%;%;%;%;%;%;%;%;%;%;%;%;%;%#
932;;;;%;%;%;%;%;%;%;%;%;%;%;%;%;%;%;%;%;%;%;%;%#
933;;;;%;%;%;%;%;%;%;%;%;%;%;%;%;%;%;%;%;%;%;%;%#
934;;;;%;%;%;%;%;%;%;%;%;%;%;%;%;%;%;%;%;%;%;%;%#
935;;;;%;%;%;%;%;%;%;%;%;%;%;%;%;%;%;%;%;%;%;%;%#
936;;;;%;%;%;%;%;%;%;%;%;%;%;%;%;%;%;%;%;%;%;%;%#
937;;;;%;%;%;%;%;%;%;%;%;%;%;%;%;%;%;%;%;%;%;%;%#
938;;;;%;%;%;%;%;%;%;%;%;%;%;%;%;%;%;%;%;%;%;%;%#
939;;;;%;%;%;%;%;%;%;%;%;%;%;%;%;%;%;%;%;%;%;%;%#
940;;;;%;%;%;%;%;%;%;%;%;%;%;%;%;%;%;%;%;%;%;%;%#
941;;;;%;%;%;%;%;%;%;%;%;%;%;%;%;%;%;%;%;%;%;%;%#
942;;;;%;%;%;%;%;%;%;%;%;%;%;%;%;%;%;%;%;%;%;%;%#
943;;;;%;%;%;%;%;%;%;%;%;%;%;%;%;%;%;%;%;%;%;%;%#
944;;;;%;%;%;%;%;%;%;%;%;%;%;%;%;%;%;%;%;%;%;%;%#
945;;;;%;%;%;%;%;%;%;%;%;%;%;%;%;%;%;%;%;%;%;%;%#
946;;;;%;%;%;%;%;%;%;%;%;%;%;%;%;%;%;%;%;%;%;%;%#
947;;;;%;%;%;%;%;%;%;%;%;%;%;%;%;%;%;%;%;%;%;%;%#
948;;;;%;%;%;%;%;%;%;%;%;%;%;%;%;%;%;%;%;%;%;%;%#
949;;;;%;%;%;%;%;%;%;%;%;%;%;%;%;%;%;%;%;%;%;%;%#
950;;;;%;%;%;%;%;%;%;%;%;%;%;%;%;%;%;%;%;%;%;%;%#
951;;;;%;%;%;%;%;%;%;%;%;%;%;%;%;%;%;%;%;%;%;%;%#
952;;;;%;%;%;%;%;%;%;%;%;%;%;%;%;%;%;%;%;%;%;%;%#
953;;;;%;%;%;%;%;%;%;%;%;%;%;%;%;%;%;%;%;%;%;%;%#
954;;;;%;%;%;%;%;%;%;%;%;%;%;%;%;%;%;%;%;%;%;%;%#
955;;;;%;%;%;%;%;%;%;%;%;%;%;%;%;%;%;%;%;%;%;%;%#
956;;;;%;%;%;%;%;%;%;%;%;%;%;%;%;%;%;%;%;%;%;%;%#
957;;;;%;%;%;%;%;%;%;%;%;%;%;%;%;%;%;%;%;%;%;%;%#
958;;;;%;%;%;%;%;%;%;%;%;%;%;%;%;%;%;%;%;%;%;%;%#
959;;;;%;%;%;%;%;%;%;%;%;%;%;%;%;%;%;%;%;%;%;%;%#
960;;;;%;%;%;%;%;%;%;%;%;%;%;%;%;%;%;%;%;%;%;%;%#
961;;;;%;%;%;%;%;%;%;%;%;%;%;%;%;%;%;%;%;%;%;%;%#
962;;;;%;%;%;%;%;%;%;%;%;%;%;%;%;%;%;%;%;%;%;%;%#
963;;;;%;%;%;%;%;%;%;%;%;%;%;%;%;%;%;%;%;%;%;%;%#
964;;;;%;%;%;%;%;%;%;%;%;%;%;%;%;%;%;%;%;%;%;%;%#
965;;;;%;%;%;%;%;%;%;%;%;%;%;%;%;%;%;%;%;%;%;%;%#
966;;;;%;%;%;%;%;%;%;%;%;%;%;%;%;%;%;%;%;%;%;%;%#
967;;;;%;%;%;%;%;%;%;%;%;%;%;%;%;%;%;%;%;%;%;%;%#
968;;;;%;%;%;%;%;%;%;%;%;%;%;%;%;%;%;%;%;%;%;%;%#
969;;;;%;%;%;%;%;%;%;%;%;%;%;%;%;%;%;%;%;%;%;%;%#
970;;;;%;%;%;%;%;%;%;%;%;%;%;%;%;%;%;%;%;%;%;%;%#
971;;;;%;%;%;%;%;%;%;%;%;%;%;%;%;%;%;%;%;%;%;%;%#
972;;;;%;%;%;%;%;%;%;%;%;%;%;%;%;%;%;%;%;%;%;%;%#
973;;;;%;%;%;%;%;%;%;%;%;%;%;%;%;%;%;%;%;%;%;%;%#
974;;;;%;%;%;%;%;%;%;%;%;%;%;%;%;%;%;%;%;%;%;%;%#
975;;;;%;%;%;%;%;%;%;%;%;%;%;%;%;%;%;%;%;%;%;%;%#
976;;;;%;%;%;%;%;%;%;%;%;%;%;%;%;%;%;%;%;%;%;%;%#
977;;;;%;%;%;%;%;%;%;%;%;%;%;%;%;%;%;%;%;%;%;%;%#
978;;;;%;%;%;%;%;%;%;%;%;%;%;%;%;%;%;%;%;%;%;%;%#
979;;;;%;%;%;%;%;%;%;%;%;%;%;%;%;%;%;%;%;%;%;%;%#
980;;;;%;%;%;%;%;%;%;%;%;%;%;%;%;%;%;%;%;%;%;%;%#
981;;;;%;%;%;%;%;%;%;%;%;%;%;%;%;%;%;%;%;%;%;%;%#
982;;;;%;%;%;%;%;%;%;%;%;%;%;%;%;%;%;%;%;%;%;%;%#
983;;;;%;%;%;%;%;%;%;%;%;%;%;%;%;%;%;%;%;%;%;%;%#
984;;;;%;%;%;%;%;%;%;%;%;%;%;%;%;%;%;%;%;%;%;%;%#
985;;;;%;%;%;%;%;%;%;%;%;%;%;%;%;%;%;%;%;%;%;%;%#
986;;;;%;%;%;%;%;%;%;%;%;%;%;%;%;%;%;%;%;%;%;%;%#
987;;;;%;%;%;%;%;%;%;%;%;%;%;%;%;%;%;%;%;%;%;%;%#
988;;;;%;%;%;%;%;%;%;%;%;%;%;%;%;%;%;%;%;%;%;%;%#
989;;;;%;%;%;%;%;%;%;%;%;%;%;%;%;%;%;%;%;%;%;%;%#
990;;;;%;%;%;%;%;%;%;%;%;%;%;%;%;%;%;%;%;%;%;%;%#
991;;;;%;%;%;%;%;%;%;%;%;%;%;%;%;%;%;%;%;%;%;%;%#
992;;;;%;%;%;%;%;%;%;%;%;%;%;%;%;%;%;%;%;%;%;%;%#
993;;;;%;%;%;%;%;%;%;%;%;%;%;%;%;%;%;%;%;%;%;%;%#
994;;;;%;%;%;%;%;%;%;%;%;%;%;%;%;%;%;%;%;%;%;%;%#
995;;;;%;%;%;%;%;%;%;%;%;%;%;%;%;%;%;%;%;%;%;%;%#
996;;;;%;%;%;%;%;%;%;%;%;%;%;%;%;%;%;%;%;%;%;%;%#
997;;;;%;%;%;%;%;%;%;%;%;%;%;%;%;%;%;%;%;%;%;%;%#
998;;;;%;%;%;%;%;%;%;%;%;%;%;%;%;%;%;%;%;%;%;%;%#
999;;;;%;%;%;%;%;%;%;%;%;%;%;%;%;%;%;%;%;%;%;%;%#
1000;;;;%;%;%;%;%;%;%;%;%;%;%;%;%;%;%;%;%;%;%;%;%#
1001;;;;%;%;%;%;%;%;%;%;%;%;%;%;%;%;%;%;%;%;%;%;%#
1002;;;;%;%;%;%;%;%;%;%;%;%;%;%;%;%;%;%;%;%;%;%;%#
1003;;;;%;%;%;%;%;%;%;%;%;%;%;%;%;%;%;%;%;%;%;%;%#
1004;;;;%;%;%;%;%;%;%;%;%;%;%;%;%;%;%;%;%;%;%;%;%#
1005;;;;%;%;%;%;%;%;%;%;%;%;%;%;%;%;%;%;%;%;%;%;%#
1006;;;;%;%;%;%;%;%;%;%;%;%;%;%;%;%;%;%;%;%;%;%;%#
1007;;;;%;%;%;%;%;%;%;%;%;%;%;%;%;%;%;%;%;%;%;%;%#
1008;;;;%;%;%;%;%;%;%;%;%;%;%;%;%;%;%;%;%;%;%;%;%#
1009;;;;%;%;%;%;%;%;%;%;%;%;%;%;%;%;%;%;%;%;%;%;%#
1010;;;;%;%;%;%;%;%;%;%;%;%;%;%;%;%;%;%;%;%;%;%;%#
1011;;;;%;%;%;%;%;%;%;%;%;%;%;%;%;%;%;%;%;%;%;%;%#
1012;;;;%;%;%;%;%;%;%;%;%;%;%;%;%;%;%;%;%;%;%;%;%#
1013;;;;%;%;%;%;%;%;%;%;%;%;%;%;%;%;%;%;%;%;%;%;%#
1014;;;;%;%;%;%;%;%;%;%;%;%;%;%;%;%;%;%;%;%;%;%;%#
1015;;;;%;%;%;%;%;%;%;%;%;%;%;%;%;%;%;%;%;%;%;%;%#
1016;;;;%;%;%;%;%;%;%;%;%;%;%;%;%;%;%;%;%;%;%;%;%#
1017;;;;%;%;%;%;%;%;%;%;%;%;%;%;%;%;%;%;%;%;%;%;%#
1018;;;;%;%;%;%;%;%;%;%;%;%;%;%;%;%;%;%;%;%;%;%;%#
1019;;;;%;%;%;%;%;%;%;%;%;%;%;%;%;%;%;%;%;%;%;%;%#
1020;;;;%;%;%;%;%;%;%;%;%;%;%;%;%;%;%;%;%;%;%;%;%#
1021;;;;%;%;%;%;%;%;%;%;%;%;%;%;%;%;%;%;%;%;%;%;%#
1022;;;;%;%;%;%;%;%;%;%;%;%;%;%;%;%;%;%;%;%;%;%;%#
1023;;;;%;%;%;%;%;%;%;%;%;%;%;%;%;%;%;%;%;%;%;%;%#
1024;;;;%;%;%;%;%;%;%;%;%;%;%;%;%;%;%;%;%;%;%;%;%#
1025;;;;%;%;%;%;%;%;%;%;%;%;%;%;%;%;%;%;%;%;%;%;%#
1026;;;;%;%;%;%;%;%;%;%;%;%;%;%;%;%;%;%;%;%;%;%;%#
1027;;;;%;%;%;%;%;%;%;%;%;%;%;%;%;%;%;%;%;%;%;%;%#
1028;;;;%;%;%;%;%;%;%;%;%;%;%;%;%;%;%;%;%;%;%;%;%#
1029;;;;%;%;%;%;%;%;%;%;%;%;%;%;%;%;%;%;%;%;%;%;%#
1030;;;;%;%;%;%;%;%;%;%;%;%;%;%;%;%;%;%;%;%;%;%;%#
1031;;;;%;%;%;%;%;%;%;%;%;%;%;%;%;%;%;%;%;%;%;%;%#
1032;;;;%;%;%;%;%;%;%;%;%;%;%;%;%;%;%;%;%;%;%;%;%#
1033;;;;%;%;%;%;%;%;%;%;%;%;%;%;%;%;%;%;%;%;%;%;%#
1034;;;;%;%;%;%;%;%;%;%;%;%;%;%;%;%;%;%;%;%;%;%;%#
1035;;;;%;%;%;%;%;%;%;%;%;%;%;%;%;%;%;%;%;%;%;%;%#
1036;;;;%;%;%;%;%;%;%;%;%;%;%;%;%;%;%;%;%;%;%;%;%#
1037;;;;%;%;%;%;%;%;%;%;%;%;%;%;%;%;%;%;%;%;%;%;%#
1038;;;;%;%;%;%;%;%;%;%;%;%;%;%;%;%;%;%;%;%;%;%;%#
1039;;;;%;%;%;%;%;%;%;%;%;%;%;%;%;%;%;%;%;%;%;%;%#
1040;;;;%;%;%;%;%;%;%;%;%;%;%;%;%;%;%;%;%;%;%;%;%#
1041;;;;%;%;%;%;%;%;%;%;%;%;%;%;%;%;%;%;%;%;%;%;%#
1042;;;;%;%;%;%;%;%;%;%;%;%;%;%;%;%;%;%;%;%;%;%;%#
1043;;;;%;%;%;%;%;%;%;%;%;%;%;%;%;%;%;%;%;%;%;%;%#
1044;;;;%;%;%;%;%;%;%;%;%;%;%;%;%;%;%;%;%;%;%;%;%#
1045;;;;%;%;%;%;%;%;%;%;%;%;%;%;%;%;%;%;%;%;%;%;%#
1046;;;;%;%;%;%;%;%;%;%;%;%;%;%;%;%;%;%;%;%;%;%;%#
1047;;;;%;%;%;%;%;%;%;%;%;%;%;%;%;%;%;%;%;%;%;%;%#
1048;;;;%;%;%;%;%;%;%;%;%;%;%;%;%;%;%;%;%;%;%;%;%#
1049;;;;%;%;%;%;%;%;%;%;%;%;%;%;%;%;%;%;%;%;%;%;%#
1050;;;;%;%;%;%;%;%;%;%;%;%;%;%;%;%;%;%;%;%;%;%;%#
1051;;;;%;%;%;%;%;%;%;%;%;%;%;%;%;%;%;%;%;%;%;%;%#
1052;;;;%;%;%;%;%;%;%;%;%;%;%;%;%;%;%;%;%;%;%;%;%#
1053;;;;%;%;%;%;%;%;%;%;%;%;%;%;%;%;%;%;%;%;%;%;%#
1054;;;;%;%;%;%;%;%;%;%;%;%;%;%;%;%;%;%;%;%;%;%;%#
1055;;;;%;%;%;%;%;%;%;%;%;%;%;%;%;%;%;%;%;%;%;%;%#
1056;;;;%;%;%;%;%;%;%;%;%;%;%;%;%;%;%;%;%;%;%;%;%#
1057;;;;%;%;%;%;%;%;%;%;%;%;%;%;%;%;%;%;%;%;%;%;%#
1058;;;;%;%;%;%;%;%;%;%;%;%;%;%;%;%;%;%;%;%;%;%;%#
1059;;;;%;%;%;%;%;%;%;%;%;%;%;%;%;%;%;%;%;%;%;%;%#
1060;;;;%;%;%;%;%;%;%;%;%;%;%;%;%;%;%;%;%;%;%;%;%#
1061;;;;%;%;%;%;%;%;%;%;%;%;%;%;%;%;%;%;%;%;%;%;%#
1062;;;;%;%;%;%;%;%;%;%;%;%;%;%;%;%;%;%;%;%;%;%;%#
1063;;;;%;%;%;%;%;%;%;%;%;%;%;%;%;%;%;%;%;%;%;%;%#
1064;;;;%;%;%;%;%;%;%;%;%;%;%;%;%;%;%;%;%;%;%;%;%#
1065;;;;%;%;%;%;%;%;%;%;%;%;%;%;%;%;%;%;%;%;%;%;%#
1066;;;;%;%;%;%;%;%;%;%;%;%;%;%;%;%;%;%;%;%;%;%;%#
1067;;;;%;%;%;%;%;%;%;%;%;%;%;%;%;%;%;%;%;%;%;%;%#
1068;;;;%;%;%;%;%;%;%;%;%;%;%;%;%;%;%;%;%;%;%;%;%#
1069;;;;%;%;%;%;%;%;%;%;%;%;%;%;%;%;%;%;%;%;%;%;%#
1070;;;;%;%;%;%;%;%;%;%;%;%;%;%;%;%;%;%;%;%;%;%;%#
#;;;;;;;;;;;;;;;;;;;;;;;;
#;;;;;;;;;;;;;;;;;;;;;;;;
#;;;;;;;;;;;;;;;;;;;;;;;;
#;;;;;;;;;;;;;;;;;;;;;;;;
#;;;;;;;;;;;;;;;;;;;;;;;;
#;;;;;;;;;;;;;;;;;;;;;;;;
#;;;;;;;;;;;;;;;;;;;;;;;;
#;;;;;;;;;;;;;;;;;;;;;;;;
#;;;;;;;;;;;;;;;;;;;;;;;;
#;;;;;;;;;;;;;;;;;;;;;;;;
#;;;;;;;;;;;;;;;;;;;;;;;;
#;;;;;;;;;;;;;;;;;;;;;;;;
#;;;;;;;;;;;;;;;;;;;;;;;;
#;;;;;;;;;;;;;;;;;;;;;;;;
#;;;;;;;;;;;;;;;;;;;;;;;;
#;;;;;;;;;;;;;;;;;;;;;;;;
#;;;;;;;;;;;;;;;;;;;;;;;;
#;;;;;;;;;;;;;;;;;;;;;;;;
#;;;;;;;;;;;;;;;;;;;;;;;;
#;;;;;;;;;;;;;;;;;;;;;;;;
#;;;;;;;;;;;;;;;;;;;;;;;;
#;;;;;;;;;;;;;;;;;;;;;;;;
#;;;;;;;;;;;;;;;;;;;;;;;;
#;;;;;;;;;;;;;;;;;;;;;;;;
#;;;;;;;;;;;;;;;;;;;;;;;;
#;;;;;;;;;;;;;;;;;;;;;;;;
#;;;;;;;;;;;;;;;;;;;;;;;;
#;;;;;;;;;;;;;;;;;;;;;;;;
#;;;;;;;;;;;;;;;;;;;;;;;;
#;;;;;;;;;;;;;;;;;;;;;;;;
#;;;;;;;;;;;;;;;;;;;;;;;;
#;;;;;;;;;;;;;;;;;;;;;;;;
#;;;;;;;;;;;;;;;;;;;;;;;;
#;;;;;;;;;;;;;;;;;;;;;;;;
#;;;;;;;;;;;;;;;;;;;;;;;;
#;;;;;;;;;;;;;;;;;;;;;;;;
#;;;;;;;;;;;;;;;;;;;;;;;;
#;;;;;;;;;;;;;;;;;;;;;;;;
#;;;;;;;;;;;;;;;;;;;;;;;;
#;;;;;;;;;;;;;;;;;;;;;;;;
#;;;;;;;;;;;;;;;;;;;;;;;;
#;;;;;;;;;;;;;;;;;;;;;;;;
#;;;;;;;;;;;;;;;;;;;;;;;;
#;;;;;;;;;;;;;;;;;;;;;;;;
#;;;;;;;;;;;;;;;;;;;;;;;;
#;;;;;;;;;;;;;;;;;;;;;;;;
#;;;;;;;;;;;;;;;;;;;;;;;;
#;;;;;;;;;;;;;;;;;;;;;;;;
#;;;;;;;;;;;;;;;;;;;;;;;;
#;;;;;;;;;;;;;;;;;;;;;;;;
#;;;;;;;;;;;;;;;;;;;;;;;;
#;;;;;;;;;;;;;;;;;;;;;;;;
#;;;;;;;;;;;;;;;;;;;;;;;;
#;;;;;;;;;;;;;;;;;;;;;;;;
#;;;;;;;;;;;;;;;;;;;;;;;;
#;;;;;;;;;;;;;;;;;;;;;;;;
#;;;;;;;;;;;;;;;;;;;;;;;;
#;;;;;;;;;;;;;;;;;;;;;;;;
#;;;;;;;;;;;;;;;;;;;;;;;;
#;;;;;;;;;;;;;;;;;;;;;;;;
#;;;;;;;;;;;;;;;;;;;;;;;;
#;;;;;;;;;;;;;;;;;;;;;;;;
#;;;;;;;;;;;;;;;;;;;;;;;;
#;;;;;;;;;;;;;;;;;;;;;;;;
#;;;;;;;;;;;;;;;;;;;;;;;;
#;;;;;;;;;;;;;;;;;;;;;;;;
#;;;;;;;;;;;;;;;;;;;;;;;;
#;;;;;;;;;;;;;;;;;;;;;;;;
#;;;;;;;;;;;;;;;;;;;;;;;;
#;;;;;;;;;;;;;;;;;;;;;;;;
#;;;;;;;;;;;;;;;;;;;;;;;;
#;;;;;;;;;;;;;;;;;;;;;;;;
#;;;;;;;;;;;;;;;;;;;;;;;;
#;;;;;;;;;;;;;;;;;;;;;;;;
#;;;;;;;;;;;;;;;;;;;;;;;;
#;;;;;;;;;;;;;;;;;;;;;;;;
#;;;;;;;;;;;;;;;;;;;;;;;;
#;;;;;;;;;;;;;;;;;;;;;;;;
#;;;;;;;;;;;;;;;;;;;;;;;;
#;;;;;;;;;;;;;;;;;;;;;;;;
#;;;;;;;;;;;;;;;;;;;;;;;;
#;;;;;;;;;;;;;;;;;;;;;;;;
#;;;;;;;;;;;;;;;;;;;;;;;;
#;;;;;;;;;;;;;;;;;;;;;;;;
#;;;;;;;;;;;;;;;;;;;;;;;;
#;;;;;;;;;;;;;;;;;;;;;;;;
#;;;;;;;;;;;;;;;;;;;;;;;;
#;;;;;;;;;;;;;;;;;;;;;;;;
#;;;;;;;;;;;;;;;;;;;;;;;;
#;;;;;;;;;;;;;;;;;;;;;;;;
#;;;;;;;;;;;;;;;;;;;;;;;;
#;;;;;;;;;;;;;;;;;;;;;;;;
#;;;;;;;;;;;;;;;;;;;;;;;;
#;;;;;;;;;;;;;;;;;;;;;;;;
#;;;;;;;;;;;;;;;;;;;;;;;;
#;;;;;;;;;;;;;;;;;;;;;;;;
#;;;;;;;;;;;;;;;;;;;;;;;;
#;;;;;;;;;;;;;;;;;;;;;;;;
#;;;;;;;;;;;;;;;;;;;;;;;;
#;;;;;;;;;;;;;;;;;;;;;;;;
#;;;;;;;;;;;;;;;;;;;;;;;;
#;;;;;;;;;;;;;;;;;;;;;;;;
#;;;;;;;;;;;;;;;;;;;;;;;;
#;;;;;;;;;;;;;;;;;;;;;;;;
#;;;;;;;;;;;;;;;;;;;;;;;;
#;;;;;;;;;;;;;;;;;;;;;;;;
#;;;;;;;;;;;;;;;;;;;;;;;;
#;;;;;;;;;;;;;;;;;;;;;;;;
#;;;;;;;;;;;;;;;;;;;;;;;;
#;;;;;;;;;;;;;;;;;;;;;;;;
#;;;;;;;;;;;;;;;;;;;;;;;;
#;;;;;;;;;;;;;;;;;;;;;;;;
#;;;;;;;;;;;;;;;;;;;;;;;;
#;;;;;;;;;;;;;;;;;;;;;;;;
#;;;;;;;;;;;;;;;;;;;;;;;;
#;;;;;;;;;;;;;;;;;;;;;;;;
#;;;;;;;;;;;;;;;;;;;;;;;;
#;;;;;;;;;;;;;;;;;;;;;;;;
#;;;;;;;;;;;;;;;;;;;;;;;;
#;;;;;;;;;;;;;;;;;;;;;;;;
#;;;;;;;;;;;;;;;;;;;;;;;;
#;;;;;;;;;;;;;;;;;;;;;;;;
#;;;;;;;;;;;;;;;;;;;;;;;;
#;;;;;;;;;;;;;;;;;;;;;;;;
#;;;;;;;;;;;;;;;;;;;;;;;;
#;;;;;;;;;;;;;;;;;;;;;;;;
#;;;;;;;;;;;;;;;;;;;;;;;;
#;;;;;;;;;;;;;;;;;;;;;;;;
